veh_id,t_depart,origin,dest
0,0,10,18
1,0,17,4
2,0,6,10
3,1,2,22
4,2,22,13
5,2,11,21
6,3,24,5
7,4,3,16
8,4,3,24
9,4,17,23
10,4,14,20
11,4,14,4
12,5,5,19
13,6,13,24
14,6,9,11
15,7,18,7
16,7,17,21
17,7,4,8
18,7,16,23
19,8,6,16
20,8,13,0
21,8,20,10
22,9,2,14
23,9,24,10
24,9,5,4
25,10,0,16
26,10,12,15
27,11,6,9
28,11,19,20
29,11,4,20
30,12,8,22
31,13,18,10
32,14,1,3
33,15,8,21
34,15,20,11
35,16,0,2
36,16,17,1
37,17,12,14
38,17,12,10
39,18,18,15
40,19,11,3
41,19,11,14
42,20,7,17
43,20,7,16
44,21,21,11
45,21,3,16
46,21,3,12
47,22,0,4
48,22,15,4
49,22,9,19
50,23,8,14
51,23,17,0
52,23,20,6
53,24,7,19
54,25,23,0
55,25,24,13
56,25,3,22
57,25,24,14
58,27,16,19
59,27,17,24
60,27,5,18
61,27,6,20
62,29,6,4
63,29,10,3
64,29,20,14
65,30,8,12
66,30,13,9
67,31,10,20
68,31,20,1
69,31,15,14
70,32,12,0
71,34,6,15
72,34,3,7
73,35,4,19
74,35,24,15
75,37,23,5
76,37,5,14
77,38,23,9
78,39,16,6
79,39,11,14
80,40,0,24
81,40,14,6
82,41,15,9
83,42,0,21
84,43,10,20
85,43,2,12
86,43,15,6
87,44,3,18
88,44,10,19
89,44,0,16
90,44,16,3
91,45,14,18
92,46,11,2
93,46,6,10
94,47,8,1
95,47,13,22
96,47,8,12
97,48,3,22
98,48,16,7
99,48,13,1
100,49,11,14
101,50,10,19
102,50,13,10
103,50,19,1
104,51,1,7
105,51,17,14
106,52,14,8
107,52,11,3
108,53,2,5
109,53,13,0
110,53,6,13
111,54,16,1
112,55,8,15
113,55,9,15
114,55,4,21
115,55,14,11
116,56,10,0
117,58,13,4
118,58,9,2
119,58,2,6
120,59,12,2
121,60,18,22
122,60,21,18
123,60,12,0
124,63,2,9
125,63,18,16
126,65,6,8
127,65,18,15
128,66,11,1
129,66,18,14
130,66,18,11
131,70,6,14
132,70,20,1
133,71,21,0
134,71,0,16
135,71,1,10
136,73,21,7
137,73,6,2
138,74,7,17
139,74,12,20
140,74,13,24
141,75,18,3
142,77,19,13
143,77,11,21
144,78,23,10
145,78,20,12
146,78,24,2
147,78,7,17
148,80,18,11
149,80,21,1
150,80,15,5
151,82,8,12
152,82,21,24
153,83,11,14
154,83,2,20
155,83,15,24
156,84,20,18
157,84,22,13
158,84,19,11
159,84,12,6
160,84,2,13
161,85,15,8
162,86,13,6
163,87,8,22
164,87,20,11
165,88,7,17
166,88,7,0
167,88,16,6
168,90,12,24
169,91,11,19
170,91,3,1
171,92,7,20
172,94,14,10
173,94,18,16
174,95,17,19
175,95,5,24
176,96,20,9
177,96,21,6
178,96,0,4
179,97,8,12
180,97,13,16
181,98,18,5
182,99,3,24
183,100,17,7
184,100,12,1
185,101,18,14
186,102,8,18
187,102,10,1
188,103,0,9
189,104,14,21
190,105,3,9
191,106,18,22
192,107,13,11
193,107,2,14
194,107,20,8
195,107,18,7
196,107,18,20
197,107,0,16
198,108,22,2
199,108,14,23
200,109,18,20
201,109,8,10
202,109,24,8
203,110,23,10
204,110,17,10
205,111,19,22
206,111,6,23
207,111,8,11
208,112,6,23
209,113,12,15
210,113,23,1
211,113,0,7
212,114,6,21
213,114,20,17
214,115,7,24
215,116,14,11
216,116,16,8
217,116,15,6
218,116,12,2
219,117,21,3
220,118,7,9
221,119,19,2
222,119,23,16
223,119,11,7
224,119,23,14
225,119,19,13
226,120,9,23
227,120,12,10
228,121,21,14
229,121,17,24
230,122,24,8
231,123,20,23
232,123,8,12
233,124,10,3
234,124,8,17
235,124,22,12
236,124,19,22
237,125,6,8
238,125,18,22
239,125,17,24
240,125,19,5
241,125,23,2
242,126,16,18
243,126,16,7
244,127,7,15
245,128,18,20
246,130,22,4
247,130,19,2
248,130,11,19
249,130,19,22
250,131,22,4
251,131,11,23
252,132,16,23
253,132,6,19
254,132,4,18
255,133,7,5
256,134,10,1
257,134,17,4
258,135,5,2
259,135,23,4
260,135,10,3
261,136,14,3
262,136,7,23
263,136,4,10
264,137,0,12
265,137,13,7
266,137,6,3
267,137,20,12
268,138,16,19
269,138,3,19
270,139,5,4
271,139,2,9
272,140,5,1
273,140,5,9
274,140,15,8
275,141,24,6
276,141,5,4
277,142,16,24
278,142,3,24
279,143,16,10
280,143,19,2
281,143,17,0
282,145,10,13
283,145,12,3
284,145,22,13
285,146,22,20
286,146,20,9
287,147,0,16
288,147,4,20
289,147,18,8
290,147,8,16
291,147,1,9
292,148,14,1
293,148,0,21
294,148,6,23
295,150,19,22
296,150,1,4
297,150,2,12
298,150,11,21
299,151,15,19
300,151,10,9
301,151,6,18
302,152,18,1
303,152,7,17
304,152,11,19
305,153,5,9
306,153,19,15
307,153,20,18
308,154,4,23
309,155,15,23
310,155,20,13
311,155,10,22
312,156,12,14
313,156,14,1
314,157,22,19
315,158,21,18
316,158,9,19
317,159,12,10
318,159,22,0
319,160,12,16
320,160,23,14
321,160,17,23
322,161,16,2
323,161,23,7
324,161,2,22
325,161,6,24
326,163,1,7
327,163,2,15
328,163,6,21
329,163,11,1
330,163,1,22
331,163,24,16
332,164,10,4
333,164,5,11
334,164,8,10
335,165,21,24
336,165,24,8
337,165,19,5
338,165,5,12
339,166,21,8
340,166,17,21
341,168,4,21
342,169,21,11
343,169,3,11
344,169,0,18
345,170,10,3
346,170,7,24
347,170,20,3
348,173,0,21
349,173,6,22
350,174,5,8
351,174,2,8
352,174,7,5
353,174,15,13
354,174,18,12
355,175,23,12
356,177,5,19
357,177,1,8
358,179,1,17
359,179,19,17
360,179,10,23
361,180,21,11
362,180,20,10
363,180,2,9
364,181,23,15
365,181,18,2
366,182,16,7
367,183,11,8
368,183,7,10
369,184,10,8
370,184,10,7
371,185,0,3
372,185,17,3
373,186,0,14
374,187,9,0
375,187,8,21
376,187,13,21
377,188,3,13
378,188,1,21
379,188,10,12
380,188,18,20
381,189,20,12
382,190,3,24
383,191,16,4
384,192,11,2
385,192,24,22
386,193,6,19
387,194,18,22
388,194,14,21
389,194,23,10
390,195,11,15
391,197,10,9
392,197,18,16
393,198,14,1
394,199,2,16
395,199,10,23
396,200,6,21
397,200,22,7
398,200,1,16
399,200,4,13
400,201,7,3
401,201,15,7
402,201,20,24
403,202,3,6
404,202,21,0
405,203,6,10
406,204,11,1
407,205,4,7
408,205,1,14
409,205,5,24
410,206,12,23
411,206,20,10
412,206,9,18
413,206,19,23
414,206,20,0
415,206,2,17
416,207,20,11
417,207,5,8
418,207,23,2
419,208,15,18
420,208,24,11
421,210,3,21
422,212,4,15
423,212,17,20
424,212,3,13
425,213,24,20
426,215,11,15
427,215,16,19
428,216,19,13
429,216,21,19
430,216,2,15
431,217,24,0
432,218,0,3
433,218,9,18
434,218,13,4
435,219,21,24
436,220,21,5
437,220,3,17
438,221,4,16
439,221,2,6
440,221,23,1
441,222,9,11
442,222,23,10
443,222,21,10
444,222,2,19
445,222,5,11
446,222,15,12
447,223,0,2
448,223,17,21
449,223,2,5
450,224,6,20
451,224,14,22
452,225,0,11
453,225,14,0
454,226,14,5
455,227,14,15
456,227,8,2
457,228,17,14
458,229,0,13
459,229,12,10
460,229,18,3
461,229,22,4
462,230,7,20
463,231,4,16
464,231,6,18
465,231,0,7
466,231,18,9
467,231,15,3
468,232,11,20
469,233,13,16
470,233,4,18
471,234,20,24
472,234,3,10
473,236,3,17
474,236,0,19
475,237,22,10
476,238,16,1
477,239,8,12
478,240,0,6
479,240,23,4
480,240,19,8
481,240,2,22
482,241,11,15
483,241,16,13
484,241,20,9
485,241,13,7
486,242,22,6
487,242,19,12
488,242,1,18
489,243,5,19
490,243,4,5
491,244,9,6
492,244,1,21
493,244,19,0
494,244,17,24
495,244,22,5
496,244,9,15
497,245,8,11
498,245,18,16
499,245,4,17
500,246,8,16
501,247,19,5
502,248,23,0
503,249,16,6
504,249,22,9
505,250,15,6
506,251,14,11
507,251,5,23
508,251,5,22
509,252,5,15
510,253,23,5
511,254,22,24
512,254,1,20
513,255,0,19
514,257,9,1
515,258,22,10
516,259,23,9
517,259,18,14
518,259,10,24
519,259,0,8
520,260,18,10
521,260,6,21
522,262,17,10
523,263,15,22
524,263,23,19
525,263,15,8
526,264,9,5
527,264,17,14
528,266,24,6
529,267,11,9
530,268,22,12
531,268,0,3
532,268,14,15
533,268,1,4
534,269,2,10
535,269,10,20
536,270,8,14
537,270,18,8
538,271,21,6
539,272,11,18
540,272,10,4
541,272,6,13
542,273,9,10
543,273,11,19
544,273,15,21
545,273,2,4
546,273,24,8
547,274,20,18
548,274,18,16
549,274,0,13
550,275,0,20
551,275,20,1
552,275,1,24
553,275,10,16
554,275,20,6
555,276,23,6
556,276,18,7
557,276,12,20
558,278,1,11
559,279,0,9
560,279,13,2
561,279,3,21
562,279,0,14
563,280,9,0
564,281,9,22
565,282,11,23
566,283,14,8
567,283,23,12
568,284,7,19
569,284,5,12
570,285,19,13
571,285,9,22
572,285,4,0
573,285,6,4
574,285,7,22
575,286,23,3
576,286,14,10
577,286,0,15
578,287,10,1
579,287,9,23
580,288,2,15
581,288,18,22
582,291,5,19
583,291,2,19
584,291,5,15
585,291,13,0
586,293,6,18
587,293,22,19
588,293,17,7
589,294,9,16
590,294,16,3
591,294,20,9
592,295,17,13
593,295,12,20
594,295,1,17
595,296,24,18
596,296,3,7
597,297,14,22
598,298,15,6
599,298,4,2
600,301,13,16
601,302,24,9
602,302,22,19
603,303,23,3
604,304,22,4
605,304,7,5
606,305,3,0
607,305,22,16
608,306,0,23
609,306,15,11
610,307,24,15
611,308,4,10
612,308,4,20
613,309,23,14
614,310,4,6
615,310,2,17
616,311,8,5
617,311,24,17
618,312,14,1
619,313,2,9
620,313,13,24
621,315,8,15
622,315,18,8
623,315,9,24
624,316,12,6
625,317,3,18
626,317,22,4
627,317,3,16
628,317,22,18
629,318,16,7
630,318,24,0
631,320,19,12
632,320,22,24
633,321,8,20
634,322,7,14
635,322,24,10
636,322,9,22
637,322,23,5
638,323,1,23
639,323,23,13
640,324,14,11
641,325,3,6
642,325,9,12
643,326,23,12
644,326,5,24
645,326,5,12
646,327,12,9
647,328,2,13
648,328,23,9
649,329,6,16
650,329,6,20
651,330,18,20
652,330,22,19
653,330,9,22
654,331,17,21
655,332,15,18
656,333,13,21
657,333,12,22
658,334,18,2
659,335,1,21
660,335,7,1
661,337,7,15
662,337,14,10
663,337,23,12
664,338,5,23
665,339,9,7
666,339,5,13
667,339,14,15
668,339,15,8
669,340,23,21
670,340,19,6
671,341,13,1
672,341,15,3
673,341,23,8
674,343,0,9
675,343,12,5
676,343,20,14
677,344,11,18
678,344,4,24
679,344,16,1
680,346,17,9
681,346,12,15
682,346,20,23
683,347,9,15
684,347,0,9
685,347,6,15
686,348,23,6
687,349,16,10
688,349,22,2
689,349,2,6
690,350,19,22
691,351,23,1
692,351,0,13
693,351,4,23
694,351,19,6
695,352,5,3
696,352,6,9
697,352,5,24
698,352,8,14
699,353,5,4
700,353,0,23
701,353,22,18
702,353,23,12
703,354,17,4
704,354,0,9
705,354,21,18
706,355,0,4
707,355,8,18
708,355,3,18
709,356,8,1
710,356,19,6
711,356,3,13
712,358,17,13
713,358,4,21
714,359,20,12
715,359,2,10
716,361,23,10
717,362,3,14
718,363,18,2
719,363,16,12
720,363,10,12
721,363,15,12
722,364,19,4
723,364,21,6
724,364,0,12
725,366,10,20
726,366,11,17
727,366,9,7
728,367,16,1
729,367,18,5
730,367,2,19
731,367,3,14
732,368,4,10
733,368,17,2
734,369,14,17
735,369,11,0
736,369,20,1
737,369,19,0
738,369,14,23
739,372,10,2
740,374,2,16
741,374,12,19
742,374,19,22
743,375,4,19
744,375,12,14
745,375,20,17
746,375,21,17
747,376,6,15
748,377,17,3
749,377,23,9
750,378,13,7
751,379,4,23
752,379,14,10
753,380,5,7
754,381,7,3
755,381,4,14
756,381,24,10
757,381,17,3
758,381,15,9
759,381,20,18
760,385,1,9
761,386,13,15
762,387,5,11
763,387,2,19
764,389,1,16
765,389,19,21
766,389,18,21
767,389,4,16
768,389,7,22
769,390,7,22
770,390,13,21
771,391,10,22
772,391,4,13
773,392,0,9
774,392,10,4
775,393,23,3
776,393,21,10
777,394,0,18
778,394,9,2
779,394,5,16
780,395,15,1
781,395,15,21
782,395,9,15
783,397,19,10
784,397,18,1
785,397,10,22
786,398,10,21
787,399,13,5
788,400,9,0
789,400,13,15
790,400,13,15
791,400,24,22
792,400,20,17
793,400,10,22
794,401,9,13
795,401,1,12
796,403,18,11
797,404,5,24
798,404,5,9
799,405,16,19
800,405,12,6
801,405,12,2
802,405,10,3
803,405,10,9
804,405,0,6
805,406,5,7
806,406,4,10
807,407,15,19
808,408,9,2
809,408,22,18
810,408,2,23
811,408,7,20
812,410,2,17
813,410,8,24
814,410,13,1
815,411,19,3
816,411,3,5
817,411,23,12
818,412,11,21
819,413,14,24
820,413,6,23
821,414,20,24
822,414,23,7
823,415,4,8
824,415,8,17
825,416,18,21
826,416,14,23
827,417,18,14
828,417,9,18
829,418,4,19
830,418,17,14
831,418,23,12
832,418,7,23
833,419,24,13
834,419,8,6
835,420,6,12
836,420,13,20
837,420,4,11
838,420,24,22
839,421,17,3
840,421,4,7
841,422,14,16
842,423,14,7
843,424,18,9
844,424,13,10
845,424,16,2
846,424,12,0
847,424,12,6
848,424,7,16
849,425,22,24
850,426,9,19
851,426,8,22
852,426,8,10
853,426,1,19
854,427,21,14
855,427,5,8
856,427,8,18
857,427,11,17
858,427,5,13
859,428,1,20
860,429,0,6
861,430,11,8
862,431,17,10
863,432,0,16
864,432,4,1
865,433,15,14
866,433,9,23
867,433,9,13
868,434,7,24
869,434,1,16
870,434,19,1
871,436,11,4
872,436,1,5
873,437,12,21
874,437,24,14
875,438,14,20
876,438,1,12
877,438,5,3
878,440,0,15
879,440,21,2
880,440,24,2
881,441,13,2
882,441,11,14
883,443,6,0
884,443,10,4
885,443,8,19
886,444,6,12
887,447,16,6
888,447,4,14
889,448,22,8
890,448,10,4
891,449,24,21
892,449,20,8
893,450,12,18
894,450,16,9
895,450,22,11
896,450,8,21
897,451,17,7
898,451,15,18
899,451,5,18
900,452,2,20
901,453,11,5
902,453,20,7
903,455,22,14
904,456,0,7
905,457,20,0
906,457,11,14
907,457,21,13
908,457,18,12
909,457,19,11
910,458,7,24
911,458,22,2
912,458,7,18
913,459,15,22
914,459,3,1
915,460,18,10
916,461,20,5
917,461,9,23
918,461,7,14
919,462,24,8
920,462,13,15
921,462,2,13
922,463,13,16
923,464,24,8
924,464,13,6
925,465,3,1
926,465,0,10
927,467,24,1
928,467,8,10
929,467,4,24
930,468,23,6
931,468,4,16
932,468,5,21
933,468,9,22
934,468,1,13
935,468,3,5
936,469,7,13
937,469,21,2
938,469,0,23
939,470,10,3
940,470,11,8
941,471,6,8
942,471,4,19
943,472,12,5
944,472,4,19
945,472,1,20
946,473,23,4
947,473,8,4
948,473,18,22
949,474,19,12
950,474,7,19
951,475,5,19
952,475,8,20
953,476,21,8
954,476,11,20
955,476,11,20
956,476,24,8
957,476,18,6
958,477,11,17
959,477,17,7
960,478,3,16
961,480,19,7
962,480,20,23
963,480,7,24
964,481,2,20
965,481,14,12
966,481,23,10
967,482,21,14
968,482,3,22
969,482,11,14
970,482,21,23
971,483,12,23
972,483,6,9
973,484,13,19
974,484,5,11
975,484,7,22
976,485,14,24
977,485,21,7
978,486,15,18
979,486,18,15
980,486,11,1
981,487,13,15
982,487,19,17
983,487,9,2
984,487,11,7
985,487,16,1
986,487,19,22
987,487,8,4
988,488,7,16
989,488,11,2
990,488,15,14
991,489,16,10
992,491,17,3
993,492,24,20
994,492,16,6
995,492,10,13
996,494,24,21
997,494,18,2
998,494,24,14
999,494,20,1
1000,494,21,18
1001,494,16,12
1002,495,18,20
1003,496,9,16
1004,496,11,20
1005,498,16,2
1006,498,24,5
1007,499,15,2
1008,500,1,3
1009,500,6,3
1010,501,2,18
1011,501,3,7
1012,501,1,16
1013,502,19,9
1014,502,19,5
1015,502,21,4
1016,503,8,19
1017,503,17,0
1018,504,19,10
1019,505,2,19
1020,506,6,18
1021,506,8,0
1022,506,4,14
1023,507,2,16
1024,507,6,18
1025,507,5,12
1026,509,17,15
1027,510,18,3
1028,510,11,14
1029,510,23,13
1030,511,18,6
1031,512,0,23
1032,512,10,12
1033,512,0,11
1034,513,5,13
1035,513,11,7
1036,516,22,0
1037,516,8,12
1038,518,13,5
1039,518,20,12
1040,519,13,23
1041,519,19,20
1042,519,4,11
1043,519,4,14
1044,520,4,18
1045,520,24,7
1046,522,7,19
1047,522,5,9
1048,522,5,20
1049,523,18,6
1050,523,6,24
1051,523,22,2
1052,524,24,17
1053,526,8,19
1054,527,6,4
1055,527,7,0
1056,527,18,5
1057,529,18,20
1058,529,10,17
1059,529,5,12
1060,530,19,0
1061,532,20,10
1062,532,14,15
1063,532,8,14
1064,533,4,8
1065,534,24,16
1066,534,2,4
1067,534,20,10
1068,534,4,16
1069,535,9,11
1070,536,0,7
1071,536,16,4
1072,537,22,5
1073,538,21,5
1074,539,11,5
1075,539,3,0
1076,540,18,21
1077,541,8,14
1078,542,14,1
1079,542,1,8
1080,543,11,14
1081,544,19,7
1082,544,3,5
1083,545,4,8
1084,545,2,23
1085,545,21,4
1086,545,24,21
1087,545,17,20
1088,546,22,14
1089,546,8,16
1090,547,4,22
1091,548,17,13
1092,548,9,11
1093,549,23,19
1094,550,18,0
1095,550,15,6
1096,551,13,10
1097,551,0,11
1098,552,20,11
1099,552,6,14
1100,552,7,1
1101,553,11,15
1102,554,2,9
1103,554,17,10
1104,556,7,5
1105,556,24,9
1106,556,20,10
1107,557,2,6
1108,558,19,9
1109,558,4,12
1110,559,18,6
1111,559,15,9
1112,559,4,5
1113,559,13,11
1114,560,22,8
1115,560,7,18
1116,560,20,13
1117,561,4,13
1118,561,23,12
1119,562,3,12
1120,562,23,5
1121,563,22,18
1122,564,1,24
1123,564,10,18
1124,564,14,1
1125,564,18,16
1126,564,19,17
1127,565,17,0
1128,566,9,17
1129,566,10,2
1130,566,5,4
1131,567,17,5
1132,568,6,22
1133,568,8,20
1134,568,8,22
1135,569,16,6
1136,569,23,14
1137,569,20,24
1138,570,3,21
1139,570,18,6
1140,572,9,10
1141,573,11,5
1142,573,21,5
1143,573,23,3
1144,573,5,14
1145,573,16,7
1146,573,14,24
1147,573,16,24
1148,574,18,9
1149,574,13,22
1150,574,7,21
1151,576,23,13
1152,577,21,12
1153,577,20,17
1154,577,22,9
1155,578,19,0
1156,579,12,18
1157,580,23,3
1158,581,3,23
1159,581,0,9
1160,581,20,4
1161,583,19,23
1162,584,10,19
1163,584,23,11
1164,585,19,7
1165,585,18,21
1166,586,14,3
1167,586,5,12
1168,587,3,15
1169,587,17,10
1170,587,24,1
1171,587,10,6
1172,587,3,5
1173,587,19,7
1174,588,11,18
1175,588,3,20
1176,589,8,19
1177,590,7,0
1178,590,23,13
1179,590,5,17
1180,590,13,21
1181,591,24,9
1182,591,16,22
1183,592,16,5
1184,593,20,10
1185,593,10,18
1186,593,19,9
1187,594,5,19
1188,594,1,8
1189,594,2,8
1190,595,21,18
1191,595,9,1
1192,595,7,24
1193,595,2,14
1194,596,20,1
1195,596,15,13
1196,596,5,20
1197,597,24,3
1198,597,4,7
1199,597,10,12
1200,597,13,4
1201,597,6,23
1202,597,4,5
1203,597,15,19
1204,598,14,11
1205,599,4,22
1206,600,7,1
1207,600,10,22
1208,601,24,5
1209,601,14,20
1210,602,11,14
1211,602,11,20
1212,602,10,13
1213,603,19,12
1214,603,10,13
1215,603,8,15
1216,603,5,20
1217,603,2,20
1218,603,1,13
1219,604,4,19
1220,605,19,0
1221,605,7,10
1222,605,20,17
1223,608,21,10
1224,609,1,10
1225,610,2,23
1226,610,3,22
1227,610,17,6
1228,611,2,4
1229,611,23,6
1230,612,18,20
1231,614,15,12
1232,614,12,3
1233,614,14,6
1234,614,19,0
1235,615,6,0
1236,615,5,19
1237,615,19,8
1238,615,2,18
1239,615,1,5
1240,615,0,12
1241,615,10,19
1242,616,7,21
1243,616,24,5
1244,617,14,15
1245,617,20,16
1246,617,5,20
1247,617,4,16
1248,619,11,2
1249,622,11,4
1250,622,21,5
1251,625,19,1
1252,626,9,6
1253,626,1,11
1254,627,5,12
1255,627,9,21
1256,628,22,6
1257,628,3,9
1258,628,3,9
1259,628,21,6
1260,628,24,20
1261,629,7,19
1262,629,11,19
1263,629,19,22
1264,629,13,4
1265,631,0,16
1266,631,9,12
1267,631,19,9
1268,632,19,5
1269,632,21,3
1270,632,12,19
1271,632,17,5
1272,634,11,0
1273,634,20,19
1274,634,12,15
1275,635,6,10
1276,635,6,3
1277,636,3,17
1278,637,3,15
1279,637,19,17
1280,638,21,18
1281,638,0,8
1282,638,5,23
1283,639,24,14
1284,641,12,6
1285,641,4,12
1286,642,2,0
1287,644,6,12
1288,644,0,3
1289,644,23,19
1290,644,24,14
1291,644,20,23
1292,645,4,20
1293,645,19,2
1294,646,22,4
1295,647,4,15
1296,648,19,17
1297,649,10,22
1298,649,16,9
1299,651,6,21
1300,651,10,24
1301,651,24,18
1302,652,24,21
1303,652,22,14
1304,653,19,3
1305,653,16,10
1306,654,10,24
1307,654,14,12
1308,655,24,16
1309,657,8,18
1310,657,7,15
1311,657,15,2
1312,658,12,20
1313,659,0,18
1314,660,8,10
1315,660,11,15
1316,661,13,9
1317,662,5,24
1318,663,0,23
1319,663,16,18
1320,663,2,8
1321,664,13,15
1322,664,24,16
1323,665,11,2
1324,666,9,16
1325,666,1,21
1326,666,7,23
1327,667,7,10
1328,667,15,17
1329,667,16,23
1330,667,10,6
1331,667,18,16
1332,667,21,14
1333,668,24,22
1334,668,8,15
1335,669,22,5
1336,670,1,23
1337,672,5,23
1338,672,21,10
1339,672,9,12
1340,673,18,0
1341,673,17,6
1342,673,18,11
1343,673,3,7
1344,673,8,18
1345,673,5,24
1346,674,5,12
1347,674,4,11
1348,674,18,14
1349,675,14,1
1350,675,16,20
1351,677,12,3
1352,677,3,16
1353,678,23,16
1354,678,0,12
1355,679,2,20
1356,680,23,13
1357,680,5,9
1358,681,23,11
1359,681,18,20
1360,681,16,20
1361,682,19,4
1362,683,17,13
1363,683,18,4
1364,683,3,15
1365,684,1,24
1366,684,23,11
1367,685,17,10
1368,685,24,18
1369,685,6,3
1370,686,19,7
1371,686,24,6
1372,686,8,17
1373,687,0,11
1374,687,15,4
1375,687,3,16
1376,688,12,15
1377,688,16,2
1378,688,1,9
1379,689,23,5
1380,689,11,18
1381,689,20,23
1382,691,9,2
1383,691,10,20
1384,692,22,14
1385,692,16,9
1386,693,19,13
1387,694,10,16
1388,694,24,17
1389,695,24,9
1390,696,8,23
1391,696,2,11
1392,697,1,8
1393,698,24,15
1394,699,5,24
1395,699,7,15
1396,700,8,14
1397,700,6,15
1398,700,13,16
1399,701,17,11
1400,702,4,1
1401,703,0,20
1402,703,15,12
1403,703,6,21
1404,703,6,0
1405,704,19,20
1406,705,19,9
1407,705,3,10
1408,706,16,4
1409,707,19,6
1410,707,7,16
1411,707,6,22
1412,708,13,24
1413,709,10,18
1414,709,5,16
1415,709,13,3
1416,709,9,5
1417,709,11,1
1418,710,22,11
1419,710,4,6
1420,710,1,3
1421,712,6,8
1422,712,4,14
1423,713,12,18
1424,713,4,10
1425,713,3,19
1426,713,15,23
1427,714,18,16
1428,714,14,8
1429,716,0,18
1430,716,19,11
1431,718,19,4
1432,719,18,16
1433,719,19,11
1434,721,17,7
1435,722,9,12
1436,722,18,11
1437,723,22,9
1438,723,22,16
1439,723,16,8
1440,724,22,10
1441,724,13,1
1442,724,17,13
1443,726,2,12
1444,726,9,6
1445,727,18,15
1446,727,6,2
1447,727,16,4
1448,728,18,21
1449,728,13,21
1450,728,6,10
1451,729,15,8
1452,730,18,9
1453,731,2,8
1454,732,18,24
1455,733,0,12
1456,734,5,23
1457,734,22,15
1458,734,3,10
1459,734,9,24
1460,735,22,24
1461,737,22,3
1462,738,23,16
1463,738,18,2
1464,738,19,7
1465,738,17,14
1466,739,21,1
1467,739,8,14
1468,739,22,3
1469,739,15,12
1470,741,21,10
1471,742,15,22
1472,743,3,14
1473,745,9,22
1474,746,22,10
1475,747,1,21
1476,748,4,8
1477,748,13,11
1478,748,22,20
1479,749,7,18
1480,750,1,22
1481,751,22,8
1482,751,20,22
1483,751,24,21
1484,752,22,10
1485,753,24,10
1486,753,18,11
1487,753,23,6
1488,754,4,13
1489,754,22,13
1490,755,3,10
1491,755,24,22
1492,756,23,12
1493,756,1,8
1494,756,19,11
1495,757,23,2
1496,757,12,6
1497,758,4,13
1498,758,12,6
1499,758,11,0
1500,760,13,24
1501,760,7,15
1502,760,15,3
1503,760,15,8
1504,761,21,2
1505,762,22,3
1506,762,20,7
1507,762,11,0
1508,762,19,16
1509,765,3,1
1510,765,7,15
1511,765,6,22
1512,765,16,6
1513,766,4,5
1514,766,0,7
1515,766,17,2
1516,766,11,8
1517,766,2,21
1518,767,0,17
1519,768,0,20
1520,768,10,24
1521,768,20,8
1522,769,2,13
1523,770,0,16
1524,771,21,13
1525,771,10,24
1526,771,11,23
1527,771,23,11
1528,772,18,0
1529,772,14,20
1530,772,19,5
1531,772,22,11
1532,773,12,3
1533,774,19,10
1534,774,3,13
1535,774,4,14
1536,774,14,22
1537,775,15,7
1538,775,24,11
1539,775,20,3
1540,775,14,11
1541,776,1,19
1542,776,15,18
1543,776,1,9
1544,776,16,7
1545,777,17,14
1546,777,20,14
1547,777,15,9
1548,779,5,8
1549,779,13,9
1550,780,24,11
1551,781,17,5
1552,781,18,6
1553,782,22,20
1554,782,18,14
1555,782,5,17
1556,784,18,10
1557,784,5,19
1558,786,6,4
1559,786,5,23
1560,787,13,2
1561,790,0,6
1562,790,20,14
1563,790,13,16
1564,791,24,15
1565,791,2,24
1566,791,1,24
1567,791,9,21
1568,792,20,12
1569,792,11,14
1570,793,22,19
1571,794,10,13
1572,795,10,6
1573,795,22,24
1574,796,24,2
1575,796,2,6
1576,796,4,24
1577,796,22,5
1578,796,19,10
1579,797,14,4
1580,798,17,21
1581,798,14,8
1582,799,15,19
1583,799,9,21
1584,799,24,3
1585,800,16,13
1586,800,3,16
1587,800,23,0
1588,800,2,24
1589,800,15,3
1590,802,18,3
1591,802,4,12
1592,803,20,16
1593,803,16,5
1594,804,15,14
1595,805,2,11
1596,805,20,11
1597,806,22,24
1598,806,14,24
1599,806,9,11
1600,807,7,5
1601,807,2,15
1602,808,10,6
1603,808,20,9
1604,809,16,8
1605,810,20,18
1606,811,2,9
1607,811,2,20
1608,811,18,1
1609,811,13,5
1610,812,13,16
1611,812,19,1
1612,813,20,2
1613,813,20,23
1614,814,2,16
1615,814,17,19
1616,814,6,12
1617,815,18,3
1618,816,11,7
1619,816,23,19
1620,816,17,11
1621,817,10,14
1622,818,9,5
1623,818,16,13
1624,819,14,23
1625,819,16,13
1626,820,15,24
1627,820,0,22
1628,820,3,15
1629,821,15,14
1630,821,5,4
1631,821,14,22
1632,821,5,7
1633,822,5,19
1634,822,10,3
1635,822,11,21
1636,823,2,18
1637,823,21,11
1638,823,11,21
1639,825,23,6
1640,825,12,10
1641,825,5,8
1642,826,17,5
1643,827,23,16
1644,827,22,13
1645,829,7,22
1646,830,20,23
1647,830,10,2
1648,831,24,20
1649,831,24,16
1650,832,12,2
1651,832,23,17
1652,832,5,16
1653,833,10,2
1654,834,24,4
1655,835,10,19
1656,835,1,11
1657,835,6,19
1658,836,17,11
1659,836,3,13
1660,836,21,17
1661,836,22,3
1662,836,21,10
1663,836,0,22
1664,837,8,24
1665,838,17,10
1666,838,0,20
1667,839,17,8
1668,839,24,21
1669,840,4,15
1670,840,16,19
1671,840,13,1
1672,840,1,23
1673,841,17,20
1674,842,10,17
1675,842,0,22
1676,843,4,13
1677,843,9,24
1678,844,9,22
1679,845,20,11
1680,845,7,20
1681,846,15,22
1682,846,7,23
1683,846,4,21
1684,846,2,10
1685,847,8,6
1686,847,14,12
1687,847,24,3
1688,847,15,18
1689,848,3,9
1690,848,12,21
1691,848,10,9
1692,849,1,15
1693,850,2,9
1694,850,0,20
1695,851,21,11
1696,851,11,7
1697,851,6,12
1698,852,13,20
1699,852,15,23
1700,854,7,21
1701,854,9,2
1702,854,15,23
1703,854,14,7
1704,855,13,17
1705,856,18,6
1706,857,23,7
1707,858,13,0
1708,858,11,17
1709,859,3,0
1710,859,20,5
1711,860,5,4
1712,860,21,24
1713,862,6,20
1714,862,6,10
1715,862,8,4
1716,862,1,9
1717,863,2,23
1718,863,19,7
1719,863,18,2
1720,864,6,16
1721,865,16,7
1722,865,7,19
1723,865,21,15
1724,866,7,4
1725,866,17,14
1726,866,22,24
1727,867,5,8
1728,867,1,18
1729,868,6,23
1730,868,1,4
1731,868,18,1
1732,869,17,2
1733,870,11,15
1734,870,19,22
1735,871,11,7
1736,871,5,23
1737,871,5,9
1738,872,23,0
1739,873,18,22
1740,873,4,17
1741,873,15,4
1742,873,19,1
1743,873,12,0
1744,874,21,19
1745,874,4,1
1746,875,1,11
1747,875,11,23
1748,875,18,9
1749,875,15,1
1750,875,2,5
1751,875,8,16
1752,876,21,23
1753,876,17,14
1754,877,14,12
1755,877,6,16
1756,877,21,1
1757,877,9,13
1758,878,18,10
1759,878,6,0
1760,878,0,16
1761,879,22,2
1762,879,18,10
1763,879,21,0
1764,880,7,1
1765,881,13,23
1766,881,10,6
1767,881,23,3
1768,882,21,11
1769,882,19,13
1770,884,24,6
1771,884,17,23
1772,884,1,24
1773,885,4,10
1774,885,4,16
1775,885,2,13
1776,885,23,6
1777,885,15,7
1778,886,11,0
1779,889,20,23
1780,890,24,8
1781,890,11,2
1782,890,0,17
1783,891,9,23
1784,891,3,16
1785,891,11,5
1786,892,4,15
1787,893,16,13
1788,894,3,6
1789,895,20,5
1790,895,22,12
1791,895,9,12
1792,895,15,17
1793,896,1,17
1794,896,17,24
1795,897,22,0
1796,898,23,1
1797,898,4,2
1798,899,18,8
1799,900,14,6
1800,900,13,3
1801,901,9,1
1802,901,13,4
1803,901,9,11
1804,902,20,4
1805,902,5,20
1806,903,0,22
1807,903,19,0
1808,903,21,4
1809,903,16,24
1810,904,11,23
1811,905,18,4
1812,905,22,4
1813,905,0,10
1814,906,4,16
1815,907,5,3
1816,907,9,17
1817,908,18,11
1818,909,3,7
1819,909,13,6
1820,909,11,1
1821,910,19,10
1822,910,2,17
1823,911,1,20
1824,911,14,18
1825,912,1,21
1826,912,15,13
1827,912,6,0
1828,914,9,1
1829,916,23,17
1830,917,22,13
1831,917,10,7
1832,918,18,0
1833,918,6,23
1834,919,22,19
1835,919,3,15
1836,920,7,14
1837,921,2,24
1838,921,3,1
1839,922,7,3
1840,923,4,6
1841,924,15,5
1842,924,5,7
1843,925,21,4
1844,925,10,14
1845,927,19,22
1846,928,5,15
1847,928,2,22
1848,928,9,20
1849,929,1,10
1850,929,18,14
1851,929,11,4
1852,929,6,16
1853,930,3,23
1854,931,9,2
1855,931,9,15
1856,931,21,2
1857,931,11,18
1858,932,13,2
1859,932,10,18
1860,932,22,13
1861,932,17,21
1862,932,11,2
1863,933,23,8
1864,933,15,24
1865,933,7,18
1866,933,5,18
1867,934,14,23
1868,935,7,4
1869,935,2,12
1870,935,2,5
1871,935,23,21
1872,935,5,17
1873,936,19,1
1874,936,3,9
1875,936,8,16
1876,937,8,15
1877,937,14,18
1878,937,12,19
1879,938,0,24
1880,938,8,6
1881,939,10,9
1882,940,11,15
1883,940,0,13
1884,940,18,20
1885,940,10,9
1886,940,11,3
1887,941,11,13
1888,941,1,3
1889,941,21,13
1890,941,6,15
1891,941,24,14
1892,942,6,15
1893,942,11,4
1894,943,8,0
1895,943,17,15
1896,944,17,6
1897,944,5,9
1898,946,3,1
1899,946,2,9
1900,947,2,10
1901,947,3,19
1902,948,13,0
1903,948,3,20
1904,949,24,0
1905,950,17,5
1906,950,3,19
1907,950,1,23
1908,950,11,21
1909,950,7,20
1910,952,20,19
1911,953,14,5
1912,955,17,1
1913,956,9,22
1914,956,14,17
1915,956,17,24
1916,957,22,14
1917,957,6,9
1918,958,24,14
1919,959,4,8
1920,959,23,8
1921,959,23,5
1922,960,19,13
1923,961,2,18
1924,963,11,15
1925,965,8,6
1926,965,15,4
1927,965,14,12
1928,965,12,0
1929,965,17,14
1930,965,23,5
1931,966,19,23
1932,966,24,9
1933,967,14,12
1934,968,13,5
1935,971,24,16
1936,971,1,4
1937,972,18,24
1938,972,23,16
1939,972,8,5
1940,973,3,18
1941,973,24,5
1942,973,8,11
1943,973,4,24
1944,974,5,19
1945,975,17,9
1946,976,22,18
1947,976,6,2
1948,977,7,0
1949,977,22,7
1950,977,17,23
1951,978,5,24
1952,979,11,19
1953,980,20,11
1954,981,23,16
1955,981,4,1
1956,981,0,11
1957,981,3,13
1958,982,22,8
1959,983,10,23
1960,984,23,19
1961,984,15,18
1962,984,8,14
1963,986,4,15
1964,987,3,11
1965,987,13,4
1966,988,11,20
1967,990,3,19
1968,990,24,8
1969,990,4,14
1970,991,18,14
1971,991,8,4
1972,993,14,20
1973,993,4,23
1974,995,1,3
1975,996,5,7
1976,996,24,5
1977,996,6,18
1978,997,9,21
1979,997,2,20
1980,997,20,17
1981,997,8,6
1982,998,8,19
1983,998,11,20
1984,998,11,2
1985,998,14,21
1986,999,6,13
1987,1000,15,0
1988,1000,1,23
1989,1000,14,0
1990,1000,24,4
1991,1002,24,18
1992,1003,9,13
1993,1003,23,10
1994,1003,11,21
1995,1003,10,0
1996,1003,20,10
1997,1003,7,19
1998,1003,19,9
1999,1005,10,7
2000,1005,19,13
2001,1005,20,1
2002,1005,21,0
2003,1007,22,10
2004,1008,0,19
2005,1009,1,13
2006,1010,19,15
2007,1010,20,24
2008,1010,7,20
2009,1013,19,15
2010,1013,7,10
2011,1013,23,5
2012,1014,4,16
2013,1014,2,19
2014,1014,3,12
2015,1014,20,6
2016,1014,8,17
2017,1014,9,19
2018,1016,15,9
2019,1017,11,20
2020,1017,3,18
2021,1018,20,22
2022,1018,18,5
2023,1020,21,17
2024,1020,18,6
2025,1021,9,11
2026,1021,14,4
2027,1022,20,6
2028,1022,18,20
2029,1023,19,11
2030,1024,2,11
2031,1024,1,18
2032,1024,7,20
2033,1025,24,2
2034,1025,24,4
2035,1026,24,8
2036,1026,7,10
2037,1027,18,14
2038,1027,5,18
2039,1028,1,20
2040,1030,16,0
2041,1030,7,14
2042,1030,10,8
2043,1031,23,13
2044,1031,8,6
2045,1031,12,18
2046,1032,19,17
2047,1032,9,18
2048,1033,1,13
2049,1033,8,20
2050,1033,10,4
2051,1034,12,22
2052,1034,23,0
2053,1035,10,12
2054,1036,13,0
2055,1037,8,24
2056,1038,13,22
2057,1038,24,0
2058,1039,23,17
2059,1040,19,12
2060,1041,4,15
2061,1041,11,13
2062,1041,6,9
2063,1042,13,3
2064,1042,12,1
2065,1043,10,19
2066,1043,9,22
2067,1044,14,22
2068,1044,17,4
2069,1045,24,16
2070,1046,20,23
2071,1046,12,2
2072,1046,2,20
2073,1046,20,22
2074,1048,12,4
2075,1049,0,3
2076,1050,6,17
2077,1050,10,6
2078,1051,18,14
2079,1051,6,14
2080,1051,5,13
2081,1052,15,3
2082,1052,21,24
2083,1053,21,5
2084,1053,24,5
2085,1054,18,14
2086,1054,21,24
2087,1056,24,8
2088,1057,21,7
2089,1057,10,14
2090,1057,6,9
2091,1058,3,9
2092,1058,8,21
2093,1058,24,3
2094,1059,11,2
2095,1059,3,17
2096,1059,24,22
2097,1060,19,23
2098,1061,16,9
2099,1061,19,13
2100,1061,16,24
2101,1062,14,15
2102,1062,17,2
2103,1063,6,13
2104,1063,6,4
2105,1064,15,7
2106,1064,8,19
2107,1065,20,22
2108,1065,9,23
2109,1065,19,11
2110,1065,13,4
2111,1065,6,15
2112,1065,13,20
2113,1066,19,20
2114,1066,15,3
2115,1066,18,21
2116,1068,11,21
2117,1068,2,6
2118,1068,5,15
2119,1069,15,7
2120,1069,9,10
2121,1071,18,2
2122,1071,5,17
2123,1072,20,12
2124,1072,19,11
2125,1073,12,10
2126,1073,22,0
2127,1073,7,14
2128,1074,0,18
2129,1074,22,7
2130,1074,15,23
2131,1074,20,13
2132,1075,5,24
2133,1076,14,23
2134,1076,5,9
2135,1077,12,6
2136,1079,15,14
2137,1080,15,7
2138,1081,3,12
2139,1081,11,2
2140,1082,9,5
2141,1082,10,16
2142,1082,6,13
2143,1082,20,23
2144,1084,22,12
2145,1085,18,24
2146,1086,11,9
2147,1086,17,4
2148,1087,7,22
2149,1087,2,13
2150,1087,20,22
2151,1088,4,23
2152,1089,16,18
2153,1089,19,11
2154,1090,11,13
2155,1091,19,5
2156,1091,10,21
2157,1091,16,19
2158,1093,24,4
2159,1093,9,17
2160,1093,4,19
2161,1093,10,7
2162,1095,2,13
2163,1095,9,7
2164,1096,5,16
2165,1096,7,19
2166,1097,8,12
2167,1097,7,20
2168,1098,9,6
2169,1098,21,8
2170,1098,15,1
2171,1098,18,9
2172,1100,11,5
2173,1100,6,2
2174,1100,24,16
2175,1100,1,16
2176,1101,0,9
2177,1101,17,0
2178,1101,13,1
2179,1101,2,6
2180,1101,9,13
2181,1102,4,23
2182,1102,9,11
2183,1103,16,4
2184,1104,15,4
2185,1105,18,10
2186,1105,0,19
2187,1105,21,4
2188,1106,15,18
2189,1106,18,15
2190,1106,1,24
2191,1106,11,7
2192,1106,7,16
2193,1106,4,7
2194,1107,14,18
2195,1108,24,13
2196,1108,5,15
2197,1108,16,24
2198,1108,18,2
2199,1109,18,4
2200,1109,15,24
2201,1110,13,1
2202,1110,10,8
2203,1110,5,8
2204,1111,16,7
2205,1113,1,9
2206,1113,10,9
2207,1114,13,21
2208,1115,17,8
2209,1116,0,15
2210,1116,15,14
2211,1116,11,9
2212,1116,23,13
2213,1116,5,19
2214,1116,16,3
2215,1117,3,12
2216,1117,16,4
2217,1117,17,21
2218,1118,4,16
2219,1119,8,6
2220,1120,20,16
2221,1122,21,23
2222,1122,17,5
2223,1123,21,19
2224,1123,9,18
2225,1123,9,5
2226,1123,13,0
2227,1124,6,18
2228,1124,1,4
2229,1124,13,24
2230,1126,24,1
2231,1126,24,15
2232,1127,7,11
2233,1128,13,4
2234,1128,16,18
2235,1129,17,0
2236,1129,11,23
2237,1130,14,17
2238,1131,4,17
2239,1131,17,4
2240,1133,18,3
2241,1133,9,21
2242,1133,23,9
2243,1134,22,19
2244,1134,20,6
2245,1134,6,23
2246,1135,13,6
2247,1135,21,9
2248,1139,22,12
2249,1139,1,18
2250,1139,3,18
2251,1139,3,15
2252,1139,4,22
2253,1139,17,1
2254,1140,5,7
2255,1141,4,24
2256,1141,15,8
2257,1141,14,24
2258,1142,17,9
2259,1142,13,22
2260,1143,21,13
2261,1145,24,17
2262,1145,10,18
2263,1146,11,15
2264,1146,9,2
2265,1146,22,13
2266,1147,9,16
2267,1147,22,8
2268,1148,12,4
2269,1148,6,16
2270,1149,10,8
2271,1149,19,12
2272,1149,2,20
2273,1150,12,23
2274,1150,15,11
2275,1151,23,21
2276,1153,19,21
2277,1153,23,20
2278,1153,4,13
2279,1154,0,2
2280,1154,5,19
2281,1156,4,23
2282,1156,17,4
2283,1156,9,23
2284,1156,21,23
2285,1157,5,18
2286,1157,0,24
2287,1158,11,9
2288,1158,12,3
2289,1158,10,6
2290,1159,18,7
2291,1160,5,13
2292,1161,14,2
2293,1161,19,0
2294,1161,3,15
2295,1161,13,20
2296,1162,9,23
2297,1162,3,20
2298,1162,19,9
2299,1164,10,24
2300,1164,8,5
2301,1165,14,16
2302,1165,19,8
2303,1165,21,15
2304,1165,22,2
2305,1166,4,18
2306,1166,4,8
2307,1167,14,16
2308,1167,24,11
2309,1168,0,7
2310,1169,13,0
2311,1169,13,15
2312,1170,3,17
2313,1170,7,22
2314,1171,16,23
2315,1171,20,11
2316,1171,21,12
2317,1171,0,6
2318,1172,13,20
2319,1173,14,22
2320,1173,22,19
2321,1173,18,16
2322,1173,20,5
2323,1174,9,5
2324,1174,15,12
2325,1175,7,15
2326,1175,14,17
2327,1175,7,22
2328,1175,8,18
2329,1175,22,8
2330,1175,15,22
2331,1175,17,1
2332,1175,18,10
2333,1176,16,19
2334,1176,9,22
2335,1176,21,15
2336,1177,21,5
2337,1178,19,1
2338,1179,13,5
2339,1179,10,17
2340,1180,18,9
2341,1180,12,20
2342,1181,23,10
2343,1181,11,8
2344,1182,6,9
2345,1182,17,20
2346,1183,0,3
2347,1184,22,18
2348,1184,18,1
2349,1184,3,11
2350,1186,23,14
2351,1187,15,18
2352,1187,14,22
2353,1187,3,0
2354,1188,23,16
2355,1190,13,7
2356,1190,9,6
2357,1190,20,2
2358,1191,19,4
2359,1191,13,7
2360,1193,7,16
2361,1193,9,7
2362,1195,17,8
2363,1195,21,7
2364,1195,1,3
2365,1197,11,8
2366,1197,0,23
2367,1197,3,5
2368,1197,1,12
2369,1198,6,9
2370,1198,4,20
2371,1198,11,24
2372,1198,10,14
2373,1198,23,9
2374,1198,13,3
2375,1199,19,12
2376,1199,4,14
2377,1200,1,5
2378,1200,22,7
2379,1200,17,11
2380,1201,14,20
2381,1201,1,13
2382,1201,21,19
2383,1201,21,23
2384,1202,22,18
2385,1202,12,10
2386,1202,12,10
2387,1202,10,23
2388,1203,1,16
2389,1203,15,8
2390,1203,17,1
2391,1204,16,19
2392,1204,15,22
2393,1205,12,1
2394,1205,5,22
2395,1205,7,13
2396,1206,21,17
2397,1207,3,14
2398,1207,11,24
2399,1207,21,19
2400,1207,23,8
2401,1208,3,7
2402,1209,21,11
2403,1209,15,8
2404,1209,21,13
2405,1209,18,11
2406,1210,2,21
2407,1210,23,17
2408,1210,23,9
2409,1212,18,24
2410,1213,14,17
2411,1213,15,5
2412,1213,7,20
2413,1215,20,3
2414,1216,2,24
2415,1217,2,11
2416,1217,4,17
2417,1217,18,4
2418,1217,17,24
2419,1217,16,3
2420,1217,0,8
2421,1218,4,6
2422,1219,16,13
2423,1219,5,20
2424,1219,23,5
2425,1220,21,11
2426,1221,4,18
2427,1222,22,4
2428,1222,6,23
2429,1222,17,6
2430,1222,3,5
2431,1223,11,0
2432,1225,2,18
2433,1225,22,13
2434,1226,14,11
2435,1226,17,2
2436,1226,15,14
2437,1226,13,21
2438,1227,0,23
2439,1227,18,22
2440,1228,10,0
2441,1228,9,3
2442,1230,0,3
2443,1230,24,16
2444,1230,2,4
2445,1231,12,8
2446,1232,6,22
2447,1234,20,14
2448,1234,12,15
2449,1235,23,12
2450,1235,16,13
2451,1236,7,14
2452,1236,5,2
2453,1237,18,8
2454,1237,17,4
2455,1238,20,3
2456,1238,4,23
2457,1238,2,20
2458,1239,11,1
2459,1239,22,7
2460,1240,24,13
2461,1240,0,14
2462,1240,1,12
2463,1240,9,12
2464,1241,19,22
2465,1241,14,17
2466,1241,2,23
2467,1242,14,6
2468,1242,12,4
2469,1242,8,6
2470,1244,16,2
2471,1244,5,12
2472,1244,17,11
2473,1245,2,22
2474,1245,5,21
2475,1246,7,20
2476,1246,2,12
2477,1246,14,21
2478,1247,22,2
2479,1247,11,15
2480,1248,11,14
2481,1248,15,19
2482,1248,5,19
2483,1250,14,10
2484,1251,22,9
2485,1252,22,24
2486,1252,14,20
2487,1252,13,10
2488,1252,14,2
2489,1252,9,21
2490,1253,12,16
2491,1253,13,6
2492,1255,19,15
2493,1255,2,8
2494,1255,11,4
2495,1256,9,2
2496,1256,6,9
2497,1257,24,2
2498,1260,16,6
2499,1260,12,22
2500,1260,24,18
2501,1260,3,9
2502,1260,9,3
2503,1261,19,15
2504,1261,5,7
2505,1261,19,4
2506,1262,11,17
2507,1262,12,8
2508,1263,1,22
2509,1263,13,10
2510,1264,7,0
2511,1264,3,24
2512,1265,4,12
2513,1265,18,21
2514,1266,17,4
2515,1266,7,15
2516,1267,13,4
2517,1268,18,20
2518,1268,23,2
2519,1269,5,13
2520,1269,6,15
2521,1270,13,16
2522,1270,1,4
2523,1270,7,16
2524,1271,4,0
2525,1273,4,22
2526,1273,1,24
2527,1273,13,1
2528,1273,22,19
2529,1274,16,8
2530,1274,2,21
2531,1275,13,3
2532,1278,20,18
2533,1279,6,13
2534,1280,3,21
2535,1281,6,23
2536,1281,10,4
2537,1282,14,4
2538,1282,21,11
2539,1282,21,3
2540,1283,22,16
2541,1283,3,5
2542,1283,21,1
2543,1284,5,19
2544,1284,9,16
2545,1284,17,20
2546,1284,3,12
2547,1285,7,15
2548,1285,19,17
2549,1285,2,14
2550,1285,8,6
2551,1285,6,12
2552,1285,10,13
2553,1286,9,22
2554,1286,8,6
2555,1286,16,23
2556,1287,14,5
2557,1288,11,3
2558,1288,17,4
2559,1288,2,18
2560,1288,9,16
2561,1289,4,13
2562,1289,5,23
2563,1290,7,16
2564,1290,3,1
2565,1290,23,10
2566,1291,17,14
2567,1291,3,12
2568,1291,6,12
2569,1292,14,24
2570,1292,18,8
2571,1292,18,15
2572,1292,22,13
2573,1292,10,22
2574,1293,17,11
2575,1294,3,21
2576,1294,22,15
2577,1295,2,5
2578,1295,9,5
2579,1296,24,0
2580,1296,5,2
2581,1297,19,22
2582,1298,16,5
2583,1298,7,10
2584,1299,21,4
2585,1299,21,19
2586,1299,15,23
2587,1299,6,12
2588,1300,5,3
2589,1300,7,10
2590,1301,23,1
2591,1302,17,13
2592,1302,22,8
2593,1302,15,13
2594,1303,13,6
2595,1304,1,3
2596,1305,0,15
2597,1305,1,14
2598,1306,21,6
2599,1306,13,24
2600,1306,15,5
2601,1306,12,23
2602,1307,16,10
2603,1309,3,18
2604,1309,1,9
2605,1309,9,6
2606,1310,6,20
2607,1311,11,3
2608,1311,2,17
2609,1312,22,16
2610,1313,0,22
2611,1313,0,12
2612,1314,9,7
2613,1315,17,24
2614,1319,1,24
2615,1319,22,1
2616,1319,15,7
2617,1320,22,8
2618,1320,6,0
2619,1320,19,0
2620,1320,9,0
2621,1320,10,13
2622,1321,17,5
2623,1322,10,7
2624,1322,19,7
2625,1322,9,22
2626,1323,5,16
2627,1323,19,8
2628,1323,9,6
2629,1324,8,2
2630,1324,14,1
2631,1325,24,14
2632,1326,12,9
2633,1326,24,11
2634,1326,0,17
2635,1327,4,12
2636,1329,12,19
2637,1329,16,0
2638,1331,17,2
2639,1331,3,9
2640,1332,8,18
2641,1332,18,20
2642,1333,7,0
2643,1333,16,23
2644,1334,24,6
2645,1334,15,5
2646,1335,18,12
2647,1335,3,5
2648,1336,20,24
2649,1336,0,15
2650,1337,1,12
2651,1337,24,15
2652,1337,22,19
2653,1337,4,15
2654,1338,3,15
2655,1338,8,11
2656,1339,11,18
2657,1339,20,10
2658,1340,9,17
2659,1343,2,19
2660,1344,8,16
2661,1345,2,16
2662,1345,7,3
2663,1345,21,15
2664,1345,16,22
2665,1345,16,19
2666,1346,7,4
2667,1346,2,24
2668,1346,24,8
2669,1348,2,21
2670,1348,18,0
2671,1348,1,21
2672,1348,3,11
2673,1349,7,0
2674,1350,22,24
2675,1350,4,2
2676,1350,12,2
2677,1350,8,21
2678,1351,14,5
2679,1351,0,15
2680,1351,20,18
2681,1352,14,4
2682,1353,21,1
2683,1353,8,10
2684,1353,5,20
2685,1354,0,23
2686,1355,2,23
2687,1355,10,14
2688,1356,9,6
2689,1357,3,19
2690,1357,20,13
2691,1358,12,14
2692,1359,5,8
2693,1359,3,11
2694,1359,17,1
2695,1359,18,22
2696,1360,11,5
2697,1361,21,14
2698,1361,24,17
2699,1361,1,18
2700,1361,7,16
2701,1362,10,8
2702,1362,21,1
2703,1362,0,16
2704,1363,7,24
2705,1363,10,23
2706,1364,0,15
2707,1364,23,9
2708,1364,19,22
2709,1364,15,18
2710,1364,14,21
2711,1365,4,13
2712,1365,15,3
2713,1366,2,9
2714,1366,19,10
2715,1366,4,24
2716,1366,10,12
2717,1367,4,24
2718,1368,24,18
2719,1368,1,21
2720,1369,13,19
2721,1369,24,18
2722,1369,9,11
2723,1369,5,20
2724,1370,13,22
2725,1370,24,10
2726,1370,23,2
2727,1370,9,13
2728,1371,18,21
2729,1371,6,20
2730,1371,6,21
2731,1371,20,18
2732,1372,17,6
2733,1372,9,13
2734,1372,10,3
2735,1373,16,3
2736,1374,24,1
2737,1374,22,11
2738,1374,16,4
2739,1374,15,3
2740,1375,19,10
2741,1375,11,1
2742,1375,23,13
2743,1377,22,8
2744,1377,23,7
2745,1378,1,4
2746,1378,9,18
2747,1378,24,21
2748,1379,12,23
2749,1382,20,24
2750,1384,0,6
2751,1384,0,20
2752,1384,4,8
2753,1385,20,22
2754,1386,16,14
2755,1386,15,4
2756,1387,17,3
2757,1387,13,11
2758,1388,17,0
2759,1388,15,17
2760,1389,18,14
2761,1389,21,7
2762,1390,16,1
2763,1390,16,14
2764,1391,20,23
2765,1391,12,2
2766,1391,15,2
2767,1392,24,20
2768,1392,1,18
2769,1393,18,12
2770,1393,10,14
2771,1393,15,11
2772,1393,22,3
2773,1393,12,0
2774,1393,1,11
2775,1395,1,17
2776,1396,23,10
2777,1397,20,2
2778,1397,6,14
2779,1397,14,16
2780,1398,3,21
2781,1398,19,3
2782,1398,17,11
2783,1399,11,15
2784,1399,14,12
2785,1400,17,3
2786,1402,4,6
2787,1402,2,9
2788,1403,4,1
2789,1405,8,15
2790,1405,22,11
2791,1406,19,22
2792,1406,1,8
2793,1407,23,1
2794,1408,21,9
2795,1410,10,12
2796,1410,9,11
2797,1411,6,16
2798,1411,20,5
2799,1411,12,23
2800,1411,21,1
2801,1412,24,20
2802,1412,4,16
2803,1412,5,23
2804,1413,1,23
2805,1413,15,13
2806,1414,15,11
2807,1414,21,6
2808,1414,0,24
2809,1415,9,3
2810,1415,4,24
2811,1416,9,1
2812,1416,7,13
2813,1417,7,17
2814,1418,17,5
2815,1418,6,12
2816,1418,2,5
2817,1419,6,22
2818,1419,23,21
2819,1419,17,14
2820,1419,14,20
2821,1420,4,0
2822,1421,3,0
2823,1421,7,9
2824,1421,4,0
2825,1421,24,18
2826,1421,17,19
2827,1421,15,12
2828,1422,19,3
2829,1422,10,0
2830,1422,14,4
2831,1422,10,17
2832,1423,19,20
2833,1423,24,21
2834,1424,3,1
2835,1424,4,17
2836,1424,20,14
2837,1424,8,18
2838,1424,20,1
2839,1426,7,11
2840,1426,20,19
2841,1427,15,6
2842,1427,4,2
2843,1427,16,8
2844,1429,23,7
2845,1429,7,16
2846,1429,0,4
2847,1430,5,14
2848,1430,4,13
2849,1430,11,5
2850,1431,24,16
2851,1434,21,13
2852,1435,17,14
2853,1436,13,22
2854,1436,13,19
2855,1436,9,21
2856,1437,23,9
2857,1438,7,24
2858,1438,12,9
2859,1439,15,1
2860,1440,13,0
2861,1440,9,16
2862,1440,13,11
2863,1440,20,19
2864,1441,12,4
2865,1442,18,9
2866,1442,21,19
2867,1443,15,9
2868,1444,5,4
2869,1446,4,13
2870,1446,4,0
2871,1446,5,19
2872,1447,18,6
2873,1448,14,4
2874,1448,19,4
2875,1448,22,10
2876,1449,6,18
2877,1449,0,21
2878,1449,4,12
2879,1449,7,16
2880,1450,12,14
2881,1450,8,1
2882,1450,10,1
2883,1451,9,10
2884,1452,15,5
2885,1453,8,23
2886,1453,17,3
2887,1453,4,24
2888,1453,12,0
2889,1454,5,4
2890,1454,1,8
2891,1454,15,17
2892,1454,23,14
2893,1455,21,13
2894,1455,9,0
2895,1455,9,18
2896,1456,1,19
2897,1457,21,14
2898,1458,10,20
2899,1458,21,9
2900,1458,12,10
2901,1460,23,19
2902,1460,11,9
2903,1460,1,5
2904,1460,21,10
2905,1460,10,9
2906,1461,7,19
2907,1461,1,8
2908,1461,19,2
2909,1462,3,17
2910,1463,22,18
2911,1463,12,20
2912,1463,7,3
2913,1463,18,16
2914,1464,8,20
2915,1464,16,20
2916,1464,12,0
2917,1464,16,8
2918,1464,18,7
2919,1465,1,20
2920,1465,19,8
2921,1466,19,11
2922,1466,16,13
2923,1466,20,10
2924,1466,17,21
2925,1467,22,11
2926,1467,15,12
2927,1468,1,13
2928,1468,0,13
2929,1469,4,12
2930,1469,12,24
2931,1470,1,3
2932,1470,20,5
2933,1470,11,7
2934,1470,21,12
2935,1471,7,24
2936,1471,7,10
2937,1471,20,19
2938,1472,24,8
2939,1472,23,14
2940,1472,20,13
2941,1473,16,9
2942,1473,15,1
2943,1473,9,24
2944,1475,17,14
2945,1475,14,17
2946,1476,0,10
2947,1476,5,7
2948,1476,14,4
2949,1477,19,4
2950,1478,3,18
2951,1479,21,13
2952,1479,12,20
2953,1479,13,24
2954,1480,13,24
2955,1480,5,17
2956,1481,8,20
2957,1481,19,9
2958,1482,18,0
2959,1482,9,22
2960,1482,22,14
2961,1482,3,15
2962,1483,13,2
2963,1483,21,9
2964,1483,24,14
2965,1484,10,21
2966,1485,23,8
2967,1486,10,23
2968,1486,22,11
2969,1488,10,9
2970,1489,9,10
2971,1490,9,23
2972,1490,13,5
2973,1491,2,22
2974,1492,21,13
2975,1492,13,16
2976,1493,21,15
2977,1493,14,1
2978,1494,18,11
2979,1494,16,19
2980,1494,8,4
2981,1494,23,9
2982,1495,21,0
2983,1498,7,23
2984,1499,17,15
2985,1499,18,3
2986,1499,20,11
2987,1499,17,3
2988,1501,23,3
2989,1501,24,2
2990,1502,18,5
2991,1502,12,4
2992,1502,20,0
2993,1502,14,0
2994,1502,0,10
2995,1503,16,4
2996,1503,16,13
2997,1504,13,11
2998,1504,13,21
2999,1504,1,23
3000,1504,13,16
3001,1504,5,2
3002,1504,17,14
3003,1505,5,19
3004,1506,20,12
3005,1507,4,24
3006,1508,17,23
3007,1510,15,9
3008,1510,7,13
3009,1510,0,14
3010,1510,15,3
3011,1511,9,2
3012,1511,23,21
3013,1511,4,0
3014,1511,20,5
3015,1511,1,21
3016,1512,9,1
3017,1512,18,1
3018,1512,1,23
3019,1513,17,14
3020,1513,14,20
3021,1513,6,16
3022,1514,1,3
3023,1514,3,23
3024,1515,24,7
3025,1516,20,12
3026,1516,21,15
3027,1516,24,13
3028,1516,4,10
3029,1517,7,0
3030,1518,16,1
3031,1519,24,0
3032,1520,21,19
3033,1522,7,5
3034,1524,22,24
3035,1524,4,5
3036,1524,12,20
3037,1524,10,16
3038,1524,19,13
3039,1525,3,19
3040,1525,2,0
3041,1525,17,11
3042,1526,19,6
3043,1526,9,7
3044,1526,1,11
3045,1527,6,16
3046,1527,20,1
3047,1529,16,22
3048,1529,17,6
3049,1530,14,7
3050,1531,9,3
3051,1531,24,4
3052,1531,0,17
3053,1532,23,10
3054,1532,17,9
3055,1532,16,22
3056,1533,9,1
3057,1534,14,17
3058,1534,14,18
3059,1534,2,5
3060,1535,20,23
3061,1535,24,22
3062,1536,20,5
3063,1536,16,22
3064,1536,12,18
3065,1537,8,10
3066,1539,24,18
3067,1539,10,2
3068,1540,20,8
3069,1542,15,4
3070,1542,9,18
3071,1542,22,15
3072,1542,18,1
3073,1542,0,23
3074,1542,13,21
3075,1543,19,16
3076,1543,3,20
3077,1544,24,8
3078,1545,13,20
3079,1545,6,15
3080,1546,9,1
3081,1546,13,22
3082,1547,10,17
3083,1549,18,4
3084,1549,6,3
3085,1551,2,11
3086,1551,14,2
3087,1552,15,19
3088,1552,6,9
3089,1552,18,7
3090,1552,19,16
3091,1553,21,7
3092,1555,4,1
3093,1555,20,5
3094,1556,2,19
3095,1556,19,5
3096,1557,19,22
3097,1557,3,11
3098,1558,8,14
3099,1558,22,6
3100,1558,18,9
3101,1558,22,1
3102,1559,21,19
3103,1559,1,22
3104,1559,4,14
3105,1559,0,9
3106,1561,10,8
3107,1562,4,12
3108,1562,20,23
3109,1562,23,8
3110,1563,17,14
3111,1563,21,12
3112,1565,2,22
3113,1566,12,5
3114,1566,7,18
3115,1567,4,10
3116,1567,12,4
3117,1568,0,19
3118,1570,8,6
3119,1570,3,20
3120,1570,24,21
3121,1571,5,7
3122,1571,3,15
3123,1571,2,23
3124,1573,17,0
3125,1574,12,14
3126,1575,17,15
3127,1576,1,18
3128,1576,21,11
3129,1576,22,15
3130,1577,22,4
3131,1578,24,11
3132,1579,7,21
3133,1579,19,13
3134,1582,19,17
3135,1583,21,12
3136,1584,24,3
3137,1584,16,23
3138,1587,8,16
3139,1587,24,2
3140,1587,20,16
3141,1589,15,0
3142,1590,23,8
3143,1591,15,21
3144,1591,18,14
3145,1591,4,8
3146,1591,6,10
3147,1593,17,21
3148,1594,14,4
3149,1594,15,18
3150,1594,13,21
3151,1594,6,3
3152,1594,5,18
3153,1596,3,19
3154,1597,1,16
3155,1597,9,24
3156,1597,1,7
3157,1598,9,7
3158,1599,19,15
3159,1599,10,8
3160,1599,7,10
3161,1600,16,13
3162,1601,6,18
3163,1601,12,5
3164,1602,18,12
3165,1602,23,10
3166,1603,18,0
3167,1604,16,13
3168,1604,11,23
3169,1604,6,0
3170,1604,4,2
3171,1604,18,24
3172,1605,5,2
3173,1605,19,7
3174,1605,13,7
3175,1605,0,20
3176,1605,19,11
3177,1606,12,3
3178,1606,3,24
3179,1606,22,9
3180,1606,23,13
3181,1607,24,18
3182,1608,4,7
3183,1608,20,5
3184,1608,1,13
3185,1609,18,24
3186,1609,21,0
3187,1609,5,12
3188,1610,2,15
3189,1610,5,2
3190,1610,14,12
3191,1611,15,11
3192,1611,24,17
3193,1611,3,14
3194,1611,8,12
3195,1612,13,5
3196,1612,11,8
3197,1612,23,10
3198,1612,23,20
3199,1613,14,16
3200,1613,1,19
3201,1613,14,1
3202,1613,11,22
3203,1614,9,3
3204,1614,9,16
3205,1614,22,5
3206,1615,9,6
3207,1615,2,22
3208,1616,6,18
3209,1616,11,24
3210,1616,18,21
3211,1616,10,12
3212,1617,0,11
3213,1618,11,5
3214,1618,12,18
3215,1618,8,4
3216,1619,15,17
3217,1619,6,19
3218,1619,16,10
3219,1620,11,21
3220,1621,3,10
3221,1622,10,14
3222,1622,2,24
3223,1622,12,23
3224,1622,8,21
3225,1622,9,3
3226,1622,23,1
3227,1622,24,0
3228,1625,14,24
3229,1626,1,13
3230,1626,24,17
3231,1626,8,15
3232,1626,21,17
3233,1627,4,20
3234,1627,10,24
3235,1627,22,11
3236,1628,12,0
3237,1629,16,14
3238,1629,8,21
3239,1630,23,4
3240,1630,14,7
3241,1633,14,8
3242,1635,12,24
3243,1636,20,2
3244,1636,1,19
3245,1637,9,1
3246,1637,8,21
3247,1637,2,10
3248,1638,20,8
3249,1638,19,12
3250,1638,1,20
3251,1640,8,6
3252,1641,1,9
3253,1641,0,13
3254,1643,4,23
3255,1643,3,1
3256,1644,10,3
3257,1647,15,1
3258,1648,17,20
3259,1649,24,14
3260,1650,17,15
3261,1650,14,1
3262,1650,16,10
3263,1651,11,24
3264,1651,1,4
3265,1651,0,2
3266,1652,18,12
3267,1652,2,18
3268,1653,12,18
3269,1653,16,12
3270,1654,18,1
3271,1654,14,23
3272,1654,4,15
3273,1655,17,14
3274,1656,15,1
3275,1656,17,15
3276,1657,5,3
3277,1660,7,16
3278,1660,4,5
3279,1661,0,6
3280,1661,2,14
3281,1662,0,6
3282,1662,6,19
3283,1662,10,0
3284,1662,19,7
3285,1662,13,10
3286,1663,10,12
3287,1663,14,20
3288,1663,11,23
3289,1664,2,16
3290,1665,5,1
3291,1665,10,9
3292,1665,0,8
3293,1666,17,3
3294,1666,0,2
3295,1669,12,21
3296,1669,22,14
3297,1670,4,19
3298,1671,23,16
3299,1671,16,8
3300,1672,20,6
3301,1673,20,14
3302,1673,13,22
3303,1674,23,16
3304,1675,5,20
3305,1675,16,4
3306,1675,18,3
3307,1675,24,12
3308,1676,10,4
3309,1676,12,1
3310,1677,2,14
3311,1678,22,1
3312,1678,9,21
3313,1679,23,11
3314,1680,4,23
3315,1680,13,16
3316,1681,14,1
3317,1682,16,20
3318,1683,9,20
3319,1683,15,23
3320,1684,20,11
3321,1684,16,9
3322,1685,4,12
3323,1685,15,1
3324,1686,12,8
3325,1686,1,3
3326,1686,24,1
3327,1687,21,1
3328,1687,2,9
3329,1688,4,21
3330,1689,13,24
3331,1689,1,9
3332,1691,18,7
3333,1692,5,24
3334,1692,12,22
3335,1693,7,15
3336,1694,12,6
3337,1694,0,16
3338,1695,15,12
3339,1696,20,16
3340,1696,21,8
3341,1697,21,7
3342,1697,6,14
3343,1697,17,3
3344,1698,24,20
3345,1698,4,5
3346,1698,15,9
3347,1699,3,6
3348,1701,23,3
3349,1702,18,4
3350,1704,6,20
3351,1705,2,10
3352,1706,11,23
3353,1707,7,10
3354,1708,7,21
3355,1708,23,6
3356,1708,20,3
3357,1709,8,2
3358,1709,0,14
3359,1710,16,22
3360,1711,24,12
3361,1712,11,22
3362,1712,17,6
3363,1713,5,17
3364,1714,21,4
3365,1715,17,7
3366,1715,22,0
3367,1716,0,3
3368,1716,7,4
3369,1717,16,20
3370,1717,17,7
3371,1718,14,8
3372,1718,6,21
3373,1718,22,6
3374,1719,3,17
3375,1720,3,13
3376,1720,1,19
3377,1721,1,10
3378,1725,19,21
3379,1725,15,4
3380,1725,5,23
3381,1726,1,7
3382,1727,7,24
3383,1727,2,10
3384,1727,20,18
3385,1731,11,2
3386,1731,11,3
3387,1732,21,24
3388,1732,3,24
3389,1733,0,2
3390,1733,6,13
3391,1735,1,24
3392,1735,0,8
3393,1738,11,2
3394,1738,12,16
3395,1738,14,3
3396,1738,22,5
3397,1740,15,6
3398,1740,2,0
3399,1740,6,19
3400,1740,14,17
3401,1740,23,20
3402,1742,6,13
3403,1742,9,17
3404,1743,9,2
3405,1743,21,8
3406,1744,4,23
3407,1744,11,2
3408,1744,0,14
3409,1746,14,24
3410,1747,15,5
3411,1748,9,21
3412,1748,2,11
3413,1749,8,21
3414,1749,21,8
3415,1751,19,5
3416,1751,18,14
3417,1751,22,14
3418,1755,14,20
3419,1755,1,8
3420,1756,9,3
3421,1756,23,3
3422,1756,10,23
3423,1757,12,23
3424,1758,0,7
3425,1758,4,7
3426,1758,11,22
3427,1759,9,3
3428,1759,23,19
3429,1761,18,1
3430,1763,21,23
3431,1764,4,15
3432,1764,9,19
3433,1764,2,0
3434,1765,3,1
3435,1766,17,21
3436,1766,19,11
3437,1767,14,17
3438,1767,22,9
3439,1767,1,23
3440,1768,3,18
3441,1769,23,9
3442,1771,22,8
3443,1771,24,7
3444,1772,7,9
3445,1772,11,18
3446,1772,16,0
3447,1772,18,5
3448,1774,14,21
3449,1774,18,21
3450,1774,15,23
3451,1774,2,11
3452,1775,20,16
3453,1776,2,8
3454,1776,14,16
3455,1776,19,10
3456,1777,7,16
3457,1777,21,6
3458,1778,6,17
3459,1780,8,20
3460,1780,0,9
3461,1780,17,20
3462,1780,11,0
3463,1781,6,13
3464,1781,22,7
3465,1782,14,0
3466,1782,24,0
3467,1782,22,7
3468,1783,14,2
3469,1784,12,2
3470,1785,20,7
3471,1785,21,24
3472,1786,15,17
3473,1786,24,9
3474,1786,7,0
3475,1787,23,16
3476,1788,16,10
3477,1788,12,21
3478,1788,10,13
3479,1788,7,16
3480,1789,5,7
3481,1789,14,11
3482,1789,10,23
3483,1789,14,6
3484,1789,9,0
3485,1790,12,23
3486,1790,7,23
3487,1791,1,7
3488,1791,19,12
3489,1791,3,16
3490,1792,17,14
3491,1792,24,22
3492,1793,20,24
3493,1794,16,19
3494,1794,13,22
3495,1794,1,8
3496,1795,8,12
3497,1795,14,17
3498,1795,24,22
3499,1795,13,22
3500,1796,0,13
3501,1796,23,3
3502,1796,0,21
3503,1796,6,0
3504,1797,24,12
3505,1797,19,3
3506,1797,7,16
3507,1798,12,23
3508,1799,6,14
