t,cost,dtheta_norm,entropy,split_mean,F_mean,active_links,latency_s,T_ent,T_meas,T_class,T_proc,cpu_s
10,1.0039805346006891,0.00593218328509179,0.9693656825834198,0.5026074218750001,1.0,39,0.0998045,0.0,0.0,0.0015005,0.098304,0.3495312999998532
20,1.0219033701075366,0.027798186521976045,0.960662674919353,0.49655468750000004,1.0,40,0.0998045,0.0,0.0,0.0015005,0.098304,0.28598939999983486
30,1.0660094190819493,0.044382352540043975,0.9754950432275128,0.5028330078125001,1.0,39,0.0998045,0.0,0.0,0.0015005,0.098304,0.31295799999998053
40,1.2119411295090112,0.0703508511454525,0.9585678625358132,0.5108837890625001,1.0,38,0.0998045,0.0,0.0,0.0015005,0.098304,0.40654940000013085
50,1.2218487767321842,0.07703003622496919,0.9635477327360691,0.5235898437500001,1.0,39,0.0998045,0.0,0.0,0.0015005,0.098304,0.36667220000026646
60,1.2306510408117637,0.0882949652001641,0.9664122701812744,0.52746875,1.0,39,0.0998045,0.0,0.0,0.0015005,0.098304,0.37283769999976357
70,1.589700644628285,0.16752502178749393,0.9368413721653848,0.5032607421875,1.0,39,0.0998045,0.0,0.0,0.0015005,0.098304,0.31491649999998117
80,1.5535836432099897,0.11037624531241506,0.9485712197503127,0.4987197265625001,1.0,38,0.0998045,0.0,0.0,0.0015005,0.098304,0.33790799999997034
90,1.6219875531534682,0.13156891336602,0.9350794625537159,0.4990859375000001,1.0,38,0.0998045,0.0,0.0,0.0015005,0.098304,0.3669337999999698
100,1.7341266820459034,0.13925801017638137,0.9304342843706944,0.513412109375,1.0,40,0.0998045,0.0,0.0,0.0015005,0.098304,0.31651659999988624
110,1.6877663126480207,0.13838905986621097,0.9607649275064136,0.5227402343750001,1.0,40,0.0998045,0.0,0.0,0.0015005,0.098304,0.31627760000037597
120,1.718904307929107,0.1912797868524417,0.989240425012529,0.5184423828125001,1.0,40,0.0998045,0.0,0.0,0.0015005,0.098304,0.35596899999973175
130,1.6422294929407664,0.17049452832310366,0.9215156607951228,0.4968476562500001,1.0,40,0.0998045,0.0,0.0,0.0015005,0.098304,0.3806166000003941
140,1.6430363421691527,0.1273416320467352,0.9603108502813462,0.48939746093750003,1.0,40,0.0998045,0.0,0.0,0.0015005,0.098304,0.3594180000000051
150,1.6687110309046103,0.12992838216165287,0.9565247048392529,0.48445507812500005,1.0,39,0.0998045,0.0,0.0,0.0015005,0.098304,0.35106480000013107
160,1.7215458978854372,0.15721895978101677,0.9212564782786902,0.502373046875,1.0,40,0.0998045,0.0,0.0,0.0015005,0.098304,0.2873444000001655
170,1.777897019562899,0.11318489338266857,0.9164236987174115,0.5081357421875,1.0,38,0.0998045,0.0,0.0,0.0015005,0.098304,0.3347742000000835
180,1.7865734690951038,0.16485247523000368,0.9389267824323408,0.5129521484375001,1.0,40,0.0998045,0.0,0.0,0.0015005,0.098304,0.33521109999992404
190,1.7425263519639278,0.1876995283799288,0.9194981205339546,0.5038642578125,1.0,39,0.0998045,0.0,0.0,0.0015005,0.098304,0.3058937999999216
200,1.7398828268381095,0.1174848669849321,0.9450752003644837,0.497603515625,1.0,38,0.0998045,0.0,0.0,0.0015005,0.098304,0.3271575000003395
210,1.6690965588534379,0.1397675461837439,0.9440745608498985,0.48404492187500003,1.0,38,0.0998045,0.0,0.0,0.0015005,0.098304,0.3135315000004084
220,1.5809477394553542,0.08865142733894281,0.9376965578864133,0.5053291015625,1.0,40,0.0998045,0.0,0.0,0.0015005,0.098304,0.3169164999999339
230,1.5584953458045003,0.16004693808747436,0.9234776258399813,0.5233876953125001,1.0,39,0.0998045,0.0,0.0,0.0015005,0.098304,0.3668807000003653
240,1.571191256709258,0.11663574228635333,0.9149643436684972,0.5243310546875001,1.0,40,0.0998045,0.0,0.0,0.0015005,0.098304,0.3650494999997136
250,1.5454133570333612,0.14056479467958272,0.9101059322234859,0.5083115234375001,1.0,40,0.0998045,0.0,0.0,0.0015005,0.098304,0.3565620999997918
260,1.6048742948599288,0.1489865473684357,0.9291197965714059,0.502783203125,1.0,40,0.0998045,0.0,0.0,0.0015005,0.098304,0.3119778000000224
270,1.5941877521078849,0.11821952628290953,0.9053134780235677,0.48730566406250003,1.0,37,0.0998045,0.0,0.0,0.0015005,0.098304,0.38179180000042834
280,1.605179294217768,0.15760364415084574,0.9142496689042027,0.4977939453125,1.0,38,0.0998045,0.0,0.0,0.0015005,0.098304,0.35739950000015597
290,1.6487472187551513,0.11880844781106964,0.9280567506214646,0.5046611328125001,1.0,40,0.0998045,0.0,0.0,0.0015005,0.098304,0.370789799999784
300,1.6415501921016924,0.19531895780611655,0.9291528591666892,0.5077724609375001,1.0,40,0.0998045,0.0,0.0,0.0015005,0.098304,0.3181703000000198
310,1.630069709378204,0.1591101827116605,0.9428028145412345,0.4991386718750001,1.0,40,0.0998045,0.0,0.0,0.0015005,0.098304,0.3150705999996717
320,1.6600236175032952,0.09760575859725222,0.9494588265678183,0.48465429687500006,1.0,39,0.0998045,0.0,0.0,0.0015005,0.098304,0.3431911000002401
330,1.6417105198612612,0.11336074334267804,0.9288094892316268,0.48399804687500003,1.0,40,0.0998045,0.0,0.0,0.0015005,0.098304,0.3409765999999763
340,1.6328804792678815,0.15012715595693346,0.9238877268587001,0.4946328125,1.0,40,0.0998045,0.0,0.0,0.0015005,0.098304,0.40162340000006225
350,1.582472764175674,0.13372458404283813,0.9378115821413481,0.5036386718750001,1.0,40,0.0998045,0.0,0.0,0.0015005,0.098304,0.3413930000001528
360,1.6155194444123018,0.12877417707405941,0.9706996436426333,0.5078281250000001,1.0,39,0.0998045,0.0,0.0,0.0015005,0.098304,0.33783050000010917
370,1.5457157606459055,0.13080312883547854,0.9250024284303698,0.49738671875000007,1.0,40,0.0998045,0.0,0.0,0.0015005,0.098304,0.28920400000015434
380,1.5659549163838795,0.12687540027539382,0.9470098929303119,0.488638671875,1.0,40,0.0998045,0.0,0.0,0.0015005,0.098304,0.30711580000024696
390,1.579489917685056,0.07775032265158897,0.9382115244542162,0.48963476562499997,1.0,38,0.0998045,0.0,0.0,0.0015005,0.098304,0.35454970000000685
400,1.6138628467333322,0.132225228286505,0.940240633061799,0.5058095703125001,1.0,39,0.0998045,0.0,0.0,0.0015005,0.098304,0.3033402000000933
410,1.635410651752206,0.18479909220966778,0.9687445155629564,0.5128085937500001,1.0,39,0.0998045,0.0,0.0,0.0015005,0.098304,0.3039795999998205
420,1.6869037327736607,0.18016030510617978,0.986288122441422,0.523818359375,1.0,40,0.0998045,0.0,0.0,0.0015005,0.098304,0.3560413999998673
430,1.6791711914165672,0.2003349326084482,0.9406269517005136,0.496923828125,1.0,40,0.0998045,0.0,0.0,0.0015005,0.098304,0.357133900000008
440,1.684027474007844,0.1679069007119913,0.956466089120099,0.49486132812500006,1.0,40,0.0998045,0.0,0.0,0.0015005,0.098304,0.27921029999970415
450,1.6925616962603902,0.12285525487165548,0.9633253171378996,0.4959775390625001,1.0,40,0.0998045,0.0,0.0,0.0015005,0.098304,0.36596529999997074
460,1.7120916472368182,0.1305065725083351,0.9263456597643895,0.50556640625,1.0,39,0.0998045,0.0,0.0,0.0015005,0.098304,0.3487777999998798
470,1.7518559672872174,0.14720217947473246,0.9433522584383788,0.5116455078125001,1.0,39,0.0998045,0.0,0.0,0.0015005,0.098304,0.3359353999999257
480,1.7370928031493695,0.16235214974631484,0.9647246120242887,0.50500390625,1.0,40,0.0998045,0.0,0.0,0.0015005,0.098304,0.2989367999998649
490,1.658470488094735,0.13735663126849265,0.9193380269901934,0.501529296875,1.0,40,0.0998045,0.0,0.0,0.0015005,0.098304,0.3173222000000351
500,1.7179108267819247,0.11294725867997345,0.9532998448368675,0.48307519531250004,1.0,40,0.0998045,0.0,0.0,0.0015005,0.098304,0.32536009999967064
510,1.702142632724284,0.15023875249940957,0.9467492734026686,0.49017968750000007,1.0,39,0.0998045,0.0,0.0,0.0015005,0.098304,0.34660610000037195
520,1.667324284262281,0.1024792219651332,0.9242623280976416,0.4902148437500001,1.0,40,0.0998045,0.0,0.0,0.0015005,0.098304,0.34079909999991287
530,1.6961796831018907,0.12928234313810863,0.953841021949931,0.5070869140625001,1.0,40,0.0998045,0.0,0.0,0.0015005,0.098304,0.3253100000001723
540,1.7693582182515002,0.13375771102315542,0.9714882459649951,0.5177539062500001,1.0,38,0.0998045,0.0,0.0,0.0015005,0.098304,0.292899000000034
550,1.741855766171285,0.17813318450349933,0.9248054494148188,0.501517578125,1.0,39,0.0998045,0.0,0.0,0.0015005,0.098304,0.37374380000028395
560,1.7986287738439528,0.14410678505085922,0.9113154605502615,0.49753613281250003,1.0,40,0.0998045,0.0,0.0,0.0015005,0.098304,0.33572270000013305
570,1.7917586027460954,0.11216285521398783,0.9224418191441979,0.48571484374999996,1.0,39,0.0998045,0.0,0.0,0.0015005,0.098304,0.31976650000024165
580,1.6809418629462654,0.13729296715553446,0.8862239242176373,0.4886123046875001,1.0,40,0.0998045,0.0,0.0,0.0015005,0.098304,0.3130313000001479
590,1.730449937291606,0.12770130264927176,0.911477813110464,0.4996630859375001,1.0,39,0.0998045,0.0,0.0,0.0015005,0.098304,0.29643090000035954
600,1.82498914723502,0.15812646471058975,0.9345840855913878,0.516224609375,1.0,40,0.0998045,0.0,0.0,0.0015005,0.098304,0.3476620000001276
610,1.722614698658619,0.14232421204049717,0.903235685152159,0.4969062500000001,1.0,40,0.0998045,0.0,0.0,0.0015005,0.098304,0.3282109000001583
620,1.7519131646255783,0.18748446194325766,0.9099794839633898,0.49506054687500006,1.0,39,0.0998045,0.0,0.0,0.0015005,0.098304,0.29873090000000957
630,1.7736036493616907,0.1338433841132035,0.904732654043134,0.49749511718750017,1.0,39,0.0998045,0.0,0.0,0.0015005,0.098304,0.3025532000001476
640,1.6948841005992892,0.1624722282959312,0.8936725663376001,0.49229492187500007,1.0,39,0.0998045,0.0,0.0,0.0015005,0.098304,0.3360381000002235
650,1.6988319540532233,0.1153055020534077,0.9213287183561011,0.5023818359375001,1.0,39,0.0998045,0.0,0.0,0.0015005,0.098304,0.3379457999999431
660,1.698373081500433,0.1460745067141103,0.9111663472452105,0.5078046875000001,1.0,40,0.0998045,0.0,0.0,0.0015005,0.098304,0.34564339999997173
670,1.617949804016613,0.138378237281037,0.9091683629947298,0.49425781250000006,1.0,38,0.0998045,0.0,0.0,0.0015005,0.098304,0.299030600000151
680,1.6746837358409414,0.1543864383361161,0.9178598557759223,0.48830761718750004,1.0,40,0.0998045,0.0,0.0,0.0015005,0.098304,0.34910839999974996
690,1.6573072515073024,0.1943786781257379,0.9053510445398604,0.4890371093750001,1.0,40,0.0998045,0.0,0.0,0.0015005,0.098304,0.3819530999999188
700,1.6907838885797124,0.14105401904703632,0.9043514247154409,0.49690039062499997,1.0,38,0.0998045,0.0,0.0,0.0015005,0.098304,0.36757349999970756
710,1.741947577653477,0.10326684199661156,0.9412487902819038,0.49855273437500003,1.0,39,0.0998045,0.0,0.0,0.0015005,0.098304,0.31940149999991263
720,1.7709064474842409,0.13377073173091308,0.9489528834764599,0.48229589843750004,1.0,40,0.0998045,0.0,0.0,0.0015005,0.098304,0.35278529999959574
730,1.728493230345945,0.11054702357313534,0.9418170510676945,0.48736425781250003,1.0,38,0.0998045,0.0,0.0,0.0015005,0.098304,0.3579427000004216
740,1.7391487864695532,0.11235523455162219,0.9738930810036281,0.49340820312500006,1.0,40,0.0998045,0.0,0.0,0.0015005,0.098304,0.32723859999987326
750,1.7116619891612492,0.17541877061515185,0.9225581137177618,0.4868691406250001,1.0,40,0.0998045,0.0,0.0,0.0015005,0.098304,0.32745870000007926
760,1.6559384915570583,0.15872984776215293,0.9146328186766827,0.5027802734375001,1.0,40,0.0998045,0.0,0.0,0.0015005,0.098304,0.34815119999984745
770,1.6840775149098246,0.10635773962592722,0.9130916113589782,0.5088945312500001,1.0,40,0.0998045,0.0,0.0,0.0015005,0.098304,0.3235967000000528
780,1.721289625413018,0.14600064503604504,0.9197080903073913,0.5076171875000001,1.0,39,0.0998045,0.0,0.0,0.0015005,0.098304,0.3337587999999414
790,1.7265970921260265,0.1560526463277883,0.9247616098041364,0.48406835937500003,1.0,38,0.0998045,0.0,0.0,0.0015005,0.098304,0.32073440000021947
800,1.7521799453460023,0.17869403894501035,0.9499631124416865,0.4823779296875001,1.0,40,0.0998045,0.0,0.0,0.0015005,0.098304,0.2900696000001517
810,1.7827264322376357,0.16286463404658805,0.9126245169557378,0.4787304687500001,1.0,40,0.0998045,0.0,0.0,0.0015005,0.098304,0.34317200000032244
820,1.8677600517470057,0.10673636181622853,0.9097023577085557,0.49553222656250007,1.0,40,0.0998045,0.0,0.0,0.0015005,0.098304,0.3290409000001091
830,1.9064086736478723,0.12188258324363971,0.9329487570768963,0.5026162109375,1.0,39,0.0998045,0.0,0.0,0.0015005,0.098304,0.3542424000002029
840,1.9226201934160323,0.11694710558005267,0.9535714166010401,0.508830078125,1.0,40,0.0998045,0.0,0.0,0.0015005,0.098304,0.31462969999984125
850,1.7692138468239111,0.16496379445208043,0.936234156772594,0.48744042968750007,1.0,39,0.0998045,0.0,0.0,0.0015005,0.098304,0.3455628000001525
860,1.780325383108594,0.12495655451241566,0.94142533328047,0.48671972656250007,1.0,40,0.0998045,0.0,0.0,0.0015005,0.098304,0.3339077999999063
870,1.8072941170596681,0.1200261603361186,0.9366880998947987,0.481373046875,1.0,37,0.0998045,0.0,0.0,0.0015005,0.098304,0.29973400000017136
880,1.7941778869673155,0.14359469367187758,0.9138212308790921,0.4816103515625001,1.0,40,0.0998045,0.0,0.0,0.0015005,0.098304,0.3263947999998891
890,1.7378014723737103,0.2499993081081517,0.9300010262627256,0.5030351562500001,1.0,39,0.0998045,0.0,0.0,0.0015005,0.098304,0.34332180000001244
900,1.7551056009422807,0.1636129758617675,0.9283237122586162,0.50992578125,1.0,40,0.0998045,0.0,0.0,0.0015005,0.098304,0.32151440000006914
910,1.6202637585486779,0.1420585625357834,0.9254970069923601,0.5118798828125002,1.0,40,0.0998045,0.0,0.0,0.0015005,0.098304,0.27461780000021463
920,1.657550599488559,0.13591211047970655,0.9508700099941081,0.5042333984375001,1.0,37,0.0998045,0.0,0.0,0.0015005,0.098304,0.3528725999999551
930,1.6378276793483797,0.10505808683012528,0.9122394965154732,0.49207812500000003,1.0,39,0.0998045,0.0,0.0,0.0015005,0.098304,0.399093499999708
940,1.6826882689759486,0.16700233528748926,0.9163607865835517,0.5020302734375001,1.0,40,0.0998045,0.0,0.0,0.0015005,0.098304,0.2988491000000977
950,1.6624745559092375,0.15567350329627833,0.9265750475943781,0.49591015625000007,1.0,39,0.0998045,0.0,0.0,0.0015005,0.098304,0.314679999999953
960,1.7034477249568332,0.1737341000569623,0.9506438461023704,0.49604492187500004,1.0,40,0.0998045,0.0,0.0,0.0015005,0.098304,0.34124919999976555
970,1.6465997560431918,0.18476033132079397,0.9164381075200189,0.4912255859375001,1.0,39,0.0998045,0.0,0.0,0.0015005,0.098304,0.330230400000346
980,1.75281238889131,0.09753893381357943,0.9393254473130509,0.49413183593750004,1.0,39,0.0998045,0.0,0.0,0.0015005,0.098304,0.3441453000000365
990,1.7893702273773602,0.18840658204027494,0.9051901843800242,0.47800390625000005,1.0,40,0.0998045,0.0,0.0,0.0015005,0.098304,0.3893312000000151
1000,1.7902676531255692,0.09325711826447579,0.923173659350378,0.49639941406250004,1.0,39,0.0998045,0.0,0.0,0.0015005,0.098304,0.35066920000008395
1010,1.8294522142955845,0.14337063910208286,0.9526482301325159,0.509421875,1.0,39,0.0998045,0.0,0.0,0.0015005,0.098304,0.36239660000001095
1020,1.864485284460576,0.11677292129398507,0.9486062029509525,0.5115957031250001,1.0,40,0.0998045,0.0,0.0,0.0015005,0.098304,0.30682219999971494
1030,1.745706627665618,0.14262428676561728,0.9119253544994951,0.49559082031250007,1.0,40,0.0998045,0.0,0.0,0.0015005,0.098304,0.3223305999999866
1040,1.7831886878057197,0.18301504051129336,0.9581811620893328,0.4905693359375001,1.0,40,0.0998045,0.0,0.0,0.0015005,0.098304,0.3555866000001515
1050,1.7767789830144047,0.1424616780763283,0.9391408612132648,0.4903701171875,1.0,40,0.0998045,0.0,0.0,0.0015005,0.098304,0.3220538000000488
1060,1.751709032429513,0.2058623567132831,0.9131864503360886,0.5032607421875,1.0,37,0.0998045,0.0,0.0,0.0015005,0.098304,0.28751510000029157
1070,1.7513930643803242,0.19065892995615769,0.9393745241648436,0.522998046875,1.0,39,0.0998045,0.0,0.0,0.0015005,0.098304,0.3527312000001075
1080,1.7914617932519141,0.1392950493950968,0.9736278533992055,0.5091757812500001,1.0,39,0.0998045,0.0,0.0,0.0015005,0.098304,0.34889049999992494
1090,1.7332706010070966,0.12101585677461849,0.9431566017765395,0.48827246093750004,1.0,39,0.0998045,0.0,0.0,0.0015005,0.098304,0.40383220000012443
1100,1.8065213711484092,0.11595775586213464,0.950744202187761,0.500041015625,1.0,38,0.0998045,0.0,0.0,0.0015005,0.098304,0.3588913999997203
1110,1.7922522911261387,0.11832699177488143,0.9346728988453932,0.48380468750000005,1.0,40,0.0998045,0.0,0.0,0.0015005,0.098304,0.3783766999999898
1120,1.7647340193607928,0.16892116238649962,0.9090573839564435,0.49836230468750004,1.0,40,0.0998045,0.0,0.0,0.0015005,0.098304,0.3781512999998995
1130,1.7401422478754345,0.12905520482842112,0.9289247825222284,0.50472265625,1.0,39,0.0998045,0.0,0.0,0.0015005,0.098304,0.30921889999990526
1140,1.7724168272200256,0.18484807598660682,0.9703268848548048,0.5011689453125,1.0,40,0.0998045,0.0,0.0,0.0015005,0.098304,0.3374773999998979
1150,1.6815617476602567,0.1233938967344165,0.9292166240376365,0.5002402343750001,1.0,40,0.0998045,0.0,0.0,0.0015005,0.098304,0.36413160000029166
1160,1.7062358129386141,0.1468478768864264,0.9080276919754641,0.5029882812500001,1.0,40,0.0998045,0.0,0.0,0.0015005,0.098304,0.3429302999998072
1170,1.7350681760023619,0.11628341220603869,0.9191034086622473,0.4953359375000001,1.0,37,0.0998045,0.0,0.0,0.0015005,0.098304,0.3300248999998985
1180,1.6640008773688608,0.12588606894347587,0.928742794821169,0.5036445312500001,1.0,39,0.0998045,0.0,0.0,0.0015005,0.098304,0.3543055000000095
1190,1.6956524622387095,0.15902207647042763,0.941738759427752,0.510353515625,1.0,40,0.0998045,0.0,0.0,0.0015005,0.098304,0.3535380000002988
1200,1.761036687064542,0.15737174679161434,0.9627241345167309,0.5232705078125001,1.0,40,0.0998045,0.0,0.0,0.0015005,0.098304,0.35698420000016995
1210,1.719394206191272,0.10953194544158835,0.9229917779919586,0.5040957031250001,1.0,40,0.0998045,0.0,0.0,0.0015005,0.098304,0.3909740000003694
1220,1.7328336375578763,0.11650234012399674,0.9198835663387814,0.4969091796875,1.0,39,0.0998045,0.0,0.0,0.0015005,0.098304,0.40456059999996796
1230,1.7617855312554769,0.10605663028301344,0.9296856317980672,0.49421386718750004,1.0,40,0.0998045,0.0,0.0,0.0015005,0.098304,0.3514795999999478
1240,1.8350441850285373,0.08509088877306983,0.9396596071537207,0.5041220703125,1.0,39,0.0998045,0.0,0.0,0.0015005,0.098304,0.3508403000000726
1250,1.8109937528999271,0.12406577288777082,0.9284432033642621,0.5207773437500001,1.0,40,0.0998045,0.0,0.0,0.0015005,0.098304,0.34176419999994323
1260,1.894938205079981,0.11891845002675586,0.947143793543015,0.5155332031250001,1.0,38,0.0998045,0.0,0.0,0.0015005,0.098304,0.3793668999996953
1270,1.8060281928625181,0.1518446678158842,0.950177373550511,0.5070546875,1.0,38,0.0998045,0.0,0.0,0.0015005,0.098304,0.33124320000024454
1280,1.8251462763786916,0.18631831839273275,0.9389065732679385,0.5034541015625001,1.0,39,0.0998045,0.0,0.0,0.0015005,0.098304,0.2960649999999987
1290,1.8692709981298705,0.15112794914196181,0.9366076675214459,0.50378515625,1.0,39,0.0998045,0.0,0.0,0.0015005,0.098304,0.3694434999997611
1300,1.7767743296571266,0.13412428987156036,0.9450162788673352,0.513880859375,1.0,40,0.0998045,0.0,0.0,0.0015005,0.098304,0.33980380000002697
1310,1.8057507326080815,0.18100782000122875,0.9620633858699237,0.511595703125,1.0,39,0.0998045,0.0,0.0,0.0015005,0.098304,0.3426409999997304
1320,1.8052036562692706,0.19431969234513966,0.9740919457361223,0.511513671875,1.0,40,0.0998045,0.0,0.0,0.0015005,0.098304,0.3471748000001753
1330,1.702856648760727,0.06794633424541745,0.9322763014797891,0.5086806640625,1.0,40,0.0998045,0.0,0.0,0.0015005,0.098304,0.3524307000002409
1340,1.7089904271616618,0.12745688461612392,0.943744061227938,0.49955468750000004,1.0,40,0.0998045,0.0,0.0,0.0015005,0.098304,0.3938554999999724
1350,1.7277300292928017,0.10210004978938692,0.964964430884669,0.49580761718750005,1.0,40,0.0998045,0.0,0.0,0.0015005,0.098304,0.3275579999999536
1360,1.6764997170658873,0.136912518063781,0.9540950429867529,0.5122783203125,1.0,40,0.0998045,0.0,0.0,0.0015005,0.098304,0.3492774000001191
1370,1.6842936456724098,0.15616072106182485,0.9865620393005934,0.526853515625,1.0,40,0.0998045,0.0,0.0,0.0015005,0.098304,0.30056290000038643
1380,1.729583905392384,0.13015004587022827,0.9940693203855617,0.5240292968750001,1.0,40,0.0998045,0.0,0.0,0.0015005,0.098304,0.3984832000001006
1390,1.791622448540213,0.15582326733386112,0.9458126411335525,0.5139921875,1.0,40,0.0998045,0.0,0.0,0.0015005,0.098304,0.3866019999995842
1400,1.8045475616304532,0.1580762642325434,0.9469848184422563,0.5074384765625001,1.0,39,0.0998045,0.0,0.0,0.0015005,0.098304,0.4218789999999899
1410,1.7937746622689648,0.08196711356062301,0.9213368298655762,0.49174414062500005,1.0,40,0.0998045,0.0,0.0,0.0015005,0.098304,0.3336301999997886
1420,1.7318906980749234,0.16102743373592732,0.924540022604641,0.50244921875,1.0,40,0.0998045,0.0,0.0,0.0015005,0.098304,0.34809850000010556
1430,1.7805892319117913,0.12381162262399872,0.9573364724583392,0.514759765625,1.0,39,0.0998045,0.0,0.0,0.0015005,0.098304,0.28979379999964294
1440,1.841305859476615,0.17216000392210326,0.9888484603661253,0.5160576171875001,1.0,40,0.0998045,0.0,0.0,0.0015005,0.098304,0.358839099999841
1450,1.7271962265264142,0.10933607715690612,0.921770042788265,0.4922568359375001,1.0,38,0.0998045,0.0,0.0,0.0015005,0.098304,0.3502069000001029
1460,1.8292816169622548,0.13053975633348916,0.9348717920563261,0.4876835937500001,1.0,39,0.0998045,0.0,0.0,0.0015005,0.098304,0.3060222999997677
1470,1.8341701271673743,0.13998365532535348,0.9433951944182971,0.4963847656250001,1.0,40,0.0998045,0.0,0.0,0.0015005,0.098304,0.29640840000001845
1480,1.6707770878432968,0.169609654180335,0.9293562683156571,0.5125009765625,1.0,39,0.0998045,0.0,0.0,0.0015005,0.098304,0.3764307999999801
1490,1.6207995804130004,0.1824318945136497,0.9688883392245653,0.510447265625,1.0,38,0.0998045,0.0,0.0,0.0015005,0.098304,0.3399451999998746
1500,1.7090962742322129,0.18042909381681632,0.9927578746809838,0.5104150390625001,1.0,39,0.0998045,0.0,0.0,0.0015005,0.098304,0.35699490000024525
1510,1.7538424134872053,0.13996288802429738,0.9460705365357966,0.5025371093750001,1.0,40,0.0998045,0.0,0.0,0.0015005,0.098304,0.30921370000032766
1520,1.8268613594420007,0.1629239643191004,0.9544170655789346,0.48822265625000005,1.0,38,0.0998045,0.0,0.0,0.0015005,0.098304,0.3874431999997796
1530,1.7917663108713615,0.19894581773537776,0.9502781629442224,0.4901298828125001,1.0,39,0.0998045,0.0,0.0,0.0015005,0.098304,0.324956899999961
1540,1.7177998927379938,0.15242275368425334,0.9432816075614889,0.49372460937500007,1.0,40,0.0998045,0.0,0.0,0.0015005,0.098304,0.32567210000024716
1550,1.739251687810615,0.15161583107016816,0.9643413776256208,0.50978515625,1.0,39,0.0998045,0.0,0.0,0.0015005,0.098304,0.34907410000005257
1560,1.7504883667007625,0.21840725684123385,0.997781179373423,0.525775390625,1.0,38,0.0998045,0.0,0.0,0.0015005,0.098304,0.32862729999988005
1570,1.6550941412520985,0.14432113677346234,0.9621156301220963,0.5028740234375,1.0,40,0.0998045,0.0,0.0,0.0015005,0.098304,0.3321997000002739
1580,1.7192631922523036,0.13428153835691783,0.9601680287931643,0.5024873046875001,1.0,39,0.0998045,0.0,0.0,0.0015005,0.098304,0.3678439000000253
1590,1.7220723762727013,0.14784530883750602,0.9540685581758691,0.48721484375,1.0,39,0.0998045,0.0,0.0,0.0015005,0.098304,0.37569759999996677
1600,1.7297765613928897,0.1128783253064001,0.9475560063539619,0.5025107421875,1.0,40,0.0998045,0.0,0.0,0.0015005,0.098304,0.33651499999996304
1610,1.7088876673085458,0.14568437934072614,0.9615220915094312,0.5059882812500001,1.0,39,0.0998045,0.0,0.0,0.0015005,0.098304,0.36813470000015514
1620,1.71481687115779,0.1321586941650331,0.9773837161363172,0.5132158203125,1.0,40,0.0998045,0.0,0.0,0.0015005,0.098304,0.29195819999995365
1630,1.6421385048960786,0.16886550467076106,0.9424515639158132,0.5013388671875001,1.0,40,0.0998045,0.0,0.0,0.0015005,0.098304,0.31697410000015225
1640,1.633094486786547,0.1717654504025962,0.9538943521778412,0.5041044921875001,1.0,40,0.0998045,0.0,0.0,0.0015005,0.098304,0.2938754000001609
1650,1.6786281820245157,0.1274984615218245,0.9479620636041567,0.482357421875,1.0,39,0.0998045,0.0,0.0,0.0015005,0.098304,0.3310437999998612
1660,1.6666522857510049,0.14118447401318868,0.9365486136738679,0.49864648437500003,1.0,39,0.0998045,0.0,0.0,0.0015005,0.098304,0.35906230000000505
1670,1.6702488356291911,0.110049801376852,0.9559624371778633,0.5141386718750001,1.0,40,0.0998045,0.0,0.0,0.0015005,0.098304,0.40961280000010447
1680,1.7045364230804092,0.16885669690552949,0.9752598155522648,0.5191923828125,1.0,39,0.0998045,0.0,0.0,0.0015005,0.098304,0.3196324000000459
1690,1.7107411975776676,0.18574558037585537,0.950760995788667,0.4949052734375,1.0,39,0.0998045,0.0,0.0,0.0015005,0.098304,0.4613405000000057
1700,1.6952712034989101,0.19782433096626753,0.9437109201499899,0.4983183593750001,1.0,37,0.0998045,0.0,0.0,0.0015005,0.098304,0.3470422000000326
1710,1.6375163879464159,0.11425097136265974,0.9340921375419933,0.4911230468750001,1.0,38,0.0998045,0.0,0.0,0.0015005,0.098304,0.3795866999998907
1720,1.621986091726687,0.1330412769198287,0.9392568437178084,0.50863671875,1.0,40,0.0998045,0.0,0.0,0.0015005,0.098304,0.3906735000000481
1730,1.6564590985196492,0.10952076985952366,0.9618437904610702,0.5037265625,1.0,39,0.0998045,0.0,0.0,0.0015005,0.098304,0.44094829999994545
1740,1.6496278740571595,0.24417190411491765,0.9469920000448246,0.50533203125,1.0,40,0.0998045,0.0,0.0,0.0015005,0.098304,0.3297397999999703
1750,1.5659468136573498,0.14213645665738164,0.9281153623026285,0.49749804687500004,1.0,39,0.0998045,0.0,0.0,0.0015005,0.098304,0.38889930000004824
1760,1.6564884205416122,0.14454865205258532,0.9452912233501598,0.49073632812500007,1.0,39,0.0998045,0.0,0.0,0.0015005,0.098304,0.4189397000000099
1770,1.6852344021128673,0.10488820507215255,0.9315652195821089,0.488861328125,1.0,39,0.0998045,0.0,0.0,0.0015005,0.098304,0.39516550000007555
1780,1.6343456649122496,0.1347312650525416,0.9258676864585389,0.51565625,1.0,40,0.0998045,0.0,0.0,0.0015005,0.098304,0.3666979999998148
1790,1.6382440086089622,0.08939708868137228,0.94264586144996,0.5278232421875001,1.0,39,0.0998045,0.0,0.0,0.0015005,0.098304,0.3426465000002281
