t,entropy
60,1.6084474325180054
120,1.608466386795044
180,1.6084436178207397
240,1.608352780342102
300,1.6084470748901367
360,1.6085388660430908
420,1.6083873510360718
480,1.6084262132644653
540,1.608456015586853
600,1.6084239482879639
660,1.6084873676300049
720,1.6084593534469604
780,1.6084771156311035
840,1.6084612607955933
900,1.6084469556808472
960,1.6084307432174683
1020,1.6084061861038208
1080,1.608450174331665
1140,1.608445644378662
1200,1.6084299087524414
1260,1.6083966493606567
1320,1.6084387302398682
1380,1.6084355115890503
1440,1.6084153652191162
1500,1.6084092855453491
1560,1.6084266901016235
1620,1.6084785461425781
1680,1.6084699630737305
1740,1.6084442138671875
