t,in_network,entry_waiting,total_queue,congestion_index,completed
0,8,0,0,0.0038461538461538464,0
1,14,0,0,0.006730769230769232,0
2,16,0,0,0.007692307692307693,0
3,19,0,0,0.009134615384615385,0
4,24,1,0,0.011057692307692308,0
5,27,0,0,0.01298076923076923,0
6,30,0,0,0.014423076923076924,0
7,33,0,0,0.015865384615384618,0
8,41,0,3,0.019711538461538464,0
9,43,0,7,0.020673076923076926,0
10,50,0,8,0.024038461538461543,0
11,57,0,10,0.027403846153846157,0
12,58,0,13,0.027884615384615386,0
13,63,0,17,0.030288461538461542,0
14,69,1,17,0.032692307692307694,0
15,71,0,18,0.03413461538461539,0
16,72,0,24,0.03461538461538462,2
17,74,0,27,0.035576923076923075,2
18,77,0,30,0.03701923076923077,3
19,81,0,33,0.03894230769230769,3
20,87,0,34,0.04182692307692308,3
21,93,0,38,0.04471153846153846,3
22,94,0,41,0.0451923076923077,4
23,98,0,45,0.047115384615384615,4
24,100,0,48,0.04807692307692308,5
25,106,1,48,0.05048076923076923,5
26,108,0,53,0.051923076923076926,5
27,113,0,61,0.05432692307692307,6
28,116,0,68,0.05576923076923077,6
29,121,0,75,0.05817307692307692,6
30,125,0,51,0.060096153846153855,7
31,127,0,34,0.06105769230769231,8
32,128,0,26,0.06153846153846154,9
33,130,0,25,0.0625,10
34,131,0,22,0.06298076923076923,11
35,135,0,22,0.06490384615384616,11
36,138,0,23,0.06634615384615385,11
37,142,0,25,0.06826923076923078,11
38,145,0,42,0.06971153846153846,13
39,140,0,49,0.06730769230769232,23
40,139,0,55,0.06682692307692308,26
41,142,0,60,0.06826923076923078,28
42,147,0,63,0.07067307692307692,30
43,151,0,68,0.07259615384615385,32
44,152,0,72,0.07307692307692308,32
45,154,0,77,0.07403846153846154,32
46,157,0,89,0.07548076923076923,33
47,161,0,93,0.07740384615384616,34
48,159,0,93,0.07644230769230768,38
49,162,0,96,0.0778846153846154,40
50,164,1,100,0.07836538461538461,43
51,166,0,103,0.07980769230769232,43
52,170,0,104,0.08173076923076923,44
53,174,0,105,0.08365384615384616,46
54,176,0,110,0.08461538461538462,48
55,177,0,113,0.08509615384615385,51
56,185,0,116,0.0889423076923077,53
57,190,0,125,0.09134615384615385,53
58,191,0,133,0.09182692307692308,54
59,193,0,138,0.09278846153846154,58
60,199,0,109,0.09567307692307692,58
61,202,0,91,0.09711538461538463,58
62,207,0,75,0.09951923076923076,59
63,213,1,64,0.10192307692307692,60
64,214,0,59,0.1028846153846154,60
65,217,0,52,0.10432692307692307,60
66,222,0,48,0.10673076923076923,60
67,226,1,48,0.10817307692307691,60
68,216,0,63,0.10384615384615384,72
69,214,0,72,0.10288461538461538,79
70,207,0,77,0.09951923076923078,91
71,204,0,82,0.09807692307692309,97
72,202,1,84,0.0966346153846154,101
73,202,0,92,0.09711538461538463,103
74,202,0,96,0.09711538461538463,105
75,205,0,100,0.09855769230769232,105
76,204,0,104,0.09807692307692309,112
77,198,0,109,0.0951923076923077,118
78,198,0,115,0.0951923076923077,122
79,194,0,121,0.09326923076923077,129
80,192,0,128,0.09230769230769231,134
81,192,0,132,0.09230769230769231,135
82,192,0,134,0.09230769230769231,136
83,197,0,137,0.09471153846153846,137
84,196,0,140,0.09423076923076923,141
85,196,0,138,0.09423076923076923,143
86,200,0,137,0.09615384615384615,145
87,202,0,135,0.09711538461538462,148
88,201,0,125,0.09663461538461537,149
89,207,0,111,0.09951923076923078,150
90,212,0,102,0.10192307692307692,151
91,212,0,95,0.10192307692307692,152
92,217,0,92,0.10432692307692308,153
93,217,0,86,0.10432692307692308,157
94,221,1,83,0.10576923076923077,158
95,222,0,76,0.10673076923076923,160
96,218,0,65,0.10480769230769234,167
97,217,0,65,0.10432692307692308,169
98,221,1,61,0.10576923076923077,172
99,222,1,59,0.10625,176
100,222,0,59,0.10673076923076923,180
101,224,0,61,0.10769230769230768,182
102,223,0,64,0.10721153846153846,187
103,228,0,73,0.10961538461538463,190
104,227,0,81,0.1091346153846154,197
105,221,0,85,0.10625,209
106,214,1,94,0.10240384615384616,219
107,212,0,103,0.10192307692307692,225
108,210,0,109,0.10096153846153848,231
109,208,0,112,0.1,236
110,210,1,118,0.10048076923076923,242
111,213,2,124,0.10144230769230769,245
112,214,0,126,0.10288461538461538,248
113,213,0,131,0.10240384615384615,252
114,214,0,134,0.10288461538461538,254
115,215,0,140,0.10336538461538462,255
116,214,0,142,0.10288461538461538,257
117,216,0,149,0.10384615384615384,259
118,214,0,158,0.10288461538461538,263
119,213,0,168,0.10240384615384616,266
120,211,0,141,0.1014423076923077,270
121,212,0,115,0.10192307692307692,271
122,216,0,94,0.10384615384615385,271
123,218,0,74,0.10480769230769231,273
124,223,0,59,0.10721153846153846,275
125,227,0,45,0.10913461538461537,275
126,231,0,36,0.11105769230769229,275
127,235,0,37,0.11298076923076923,275
128,233,1,55,0.11153846153846154,283
129,230,0,72,0.11057692307692309,289
130,225,1,77,0.10769230769230768,302
131,226,0,88,0.10865384615384617,307
132,227,0,95,0.10913461538461537,314
133,221,0,103,0.10625,322
134,219,0,106,0.10528846153846154,326
135,222,0,106,0.10673076923076923,326
136,217,0,113,0.10432692307692308,332
137,217,0,118,0.10432692307692308,336
138,215,0,124,0.10336538461538462,342
139,214,0,130,0.10288461538461538,346
140,214,0,138,0.1028846153846154,349
141,211,0,140,0.1014423076923077,353
142,212,0,144,0.10192307692307692,355
143,215,0,145,0.10336538461538462,357
144,217,0,143,0.10432692307692308,358
145,218,0,142,0.1048076923076923,361
146,215,0,142,0.10336538461538462,364
147,217,0,140,0.10432692307692308,366
148,218,0,139,0.1048076923076923,369
149,225,0,137,0.10817307692307691,369
150,227,0,135,0.10913461538461537,370
151,230,1,134,0.11009615384615386,371
152,233,0,124,0.11201923076923077,372
153,237,1,116,0.11346153846153846,375
154,241,0,109,0.11586538461538462,377
155,243,0,100,0.11682692307692306,382
156,246,1,89,0.11778846153846154,387
157,250,0,83,0.12019230769230771,387
158,253,1,77,0.12115384615384617,389
159,253,0,74,0.1216346153846154,393
160,248,0,74,0.11923076923076922,401
161,246,0,77,0.11826923076923077,407
162,245,0,81,0.11778846153846154,412
163,239,0,88,0.11490384615384615,421
164,234,0,98,0.1125,428
165,233,1,102,0.11153846153846154,435
166,235,0,107,0.11298076923076925,437
167,236,0,110,0.11346153846153847,442
168,230,0,114,0.11057692307692309,449
169,228,0,116,0.10961538461538463,454
170,225,0,121,0.10817307692307691,459
171,225,0,126,0.10817307692307691,462
172,225,0,129,0.10817307692307691,467
173,224,0,135,0.10769230769230771,471
174,228,0,143,0.10961538461538463,475
175,227,0,148,0.10913461538461537,480
176,230,0,151,0.11057692307692309,482
177,224,0,157,0.10769230769230768,490
178,222,0,162,0.10673076923076923,494
179,223,0,169,0.10721153846153846,495
180,225,0,137,0.10817307692307691,497
181,226,0,111,0.10865384615384614,500
182,230,1,93,0.11009615384615383,502
183,233,0,74,0.11201923076923077,503
184,235,0,60,0.11298076923076923,505
185,242,0,48,0.11634615384615385,505
186,246,0,37,0.11826923076923077,505
187,250,0,35,0.12019230769230768,505
188,243,0,47,0.11682692307692308,515
189,233,0,60,0.11201923076923079,529
190,224,0,71,0.10769230769230771,540
191,219,0,81,0.10528846153846154,549
192,219,0,88,0.10528846153846154,553
193,221,0,98,0.10625,557
194,223,0,103,0.10721153846153846,562
195,226,0,107,0.10865384615384617,563
196,227,0,116,0.1091346153846154,568
197,223,0,119,0.10721153846153846,574
198,221,0,121,0.10625,582
199,217,0,128,0.10432692307692308,590
200,214,0,134,0.10288461538461538,596
201,217,0,138,0.10432692307692308,599
202,218,0,144,0.1048076923076923,602
203,222,0,147,0.10673076923076923,602
204,221,0,150,0.10625,605
205,222,0,147,0.10673076923076923,608
206,226,0,146,0.10865384615384617,609
207,226,0,141,0.10865384615384614,611
208,228,0,136,0.10961538461538463,614
209,227,0,137,0.1091346153846154,616
210,229,1,132,0.10961538461538463,617
211,230,0,116,0.11057692307692309,618
212,234,1,102,0.11201923076923077,621
213,233,1,90,0.11153846153846154,625
214,236,0,78,0.11346153846153846,629
215,237,0,70,0.1139423076923077,630
216,236,0,62,0.11346153846153846,635
217,233,0,55,0.11201923076923077,640
218,234,0,52,0.1125,645
219,230,0,57,0.11057692307692309,651
220,230,0,69,0.11057692307692309,657
221,229,0,74,0.11009615384615387,666
222,229,0,87,0.11009615384615386,672
223,227,0,92,0.1091346153846154,681
224,227,0,97,0.1091346153846154,686
225,230,0,100,0.11057692307692309,688
226,232,0,106,0.11153846153846154,693
227,228,0,109,0.10961538461538463,699
228,228,1,114,0.1091346153846154,704
229,232,0,123,0.11153846153846154,706
230,230,0,132,0.11057692307692306,711
231,230,0,137,0.11057692307692306,715
232,226,0,140,0.10865384615384617,722
233,230,0,148,0.11057692307692309,725
234,228,0,151,0.10961538461538463,729
235,225,0,153,0.10817307692307691,733
236,223,0,155,0.10721153846153848,737
237,228,1,165,0.1091346153846154,739
238,230,0,170,0.11057692307692309,741
239,232,2,176,0.11057692307692309,743
240,231,1,146,0.11057692307692309,746
241,235,1,124,0.1125,747
242,234,0,100,0.1125,751
243,233,0,78,0.11201923076923077,753
244,231,0,61,0.11105769230769233,756
245,234,0,51,0.1125,756
246,236,0,44,0.11346153846153846,756
247,240,0,38,0.11538461538461539,756
248,228,0,47,0.10961538461538463,770
249,221,0,57,0.10625,781
250,214,0,67,0.10288461538461538,791
251,210,0,74,0.10096153846153846,798
252,211,0,78,0.1014423076923077,801
253,213,0,83,0.10240384615384616,805
254,211,0,84,0.10144230769230769,808
255,209,0,85,0.10048076923076923,811
256,204,0,89,0.09807692307692309,818
257,206,0,92,0.09903846153846155,824
258,204,0,95,0.09807692307692309,832
259,199,0,101,0.09567307692307692,838
260,196,0,106,0.09423076923076923,843
261,200,0,113,0.09615384615384615,846
262,199,0,118,0.09567307692307692,850
263,202,0,122,0.0971153846153846,851
264,202,0,126,0.09711538461538462,853
265,198,0,122,0.09519230769230767,858
266,195,0,118,0.09375000000000001,863
267,195,0,113,0.09375,864
268,193,0,111,0.09278846153846154,869
269,193,0,110,0.09278846153846156,871
270,197,0,104,0.09471153846153846,873
271,205,1,96,0.09807692307692309,875
272,209,0,87,0.10048076923076923,877
273,207,0,83,0.09951923076923078,883
274,206,0,77,0.09903846153846153,885
275,208,0,69,0.1,886
276,209,0,59,0.10048076923076923,887
277,204,0,55,0.09807692307692309,893
278,206,0,59,0.09903846153846155,893
279,209,0,65,0.10048076923076923,897
280,210,0,68,0.10096153846153846,901
281,210,0,70,0.10096153846153846,911
282,208,0,74,0.1,917
283,208,0,81,0.1,919
284,204,0,86,0.09807692307692309,927
285,199,0,87,0.09567307692307694,934
286,199,0,90,0.09567307692307693,938
287,192,0,96,0.09230769230769231,947
288,189,1,105,0.09038461538461538,952
289,185,0,112,0.08894230769230768,957
290,190,1,118,0.09086538461538463,959
291,189,0,122,0.09086538461538461,964
292,189,0,125,0.09086538461538461,967
293,193,0,126,0.09278846153846154,969
294,194,1,128,0.09278846153846153,973
295,196,0,131,0.09423076923076924,975
296,202,0,133,0.09711538461538462,977
297,205,0,138,0.09855769230769232,980
298,208,0,146,0.1,982
299,210,0,151,0.10096153846153846,985
300,211,0,117,0.1014423076923077,989
301,212,0,93,0.10192307692307692,990
302,215,0,76,0.10336538461538462,990
303,215,0,62,0.10336538461538462,991
304,221,0,54,0.10625,992
305,225,0,45,0.10817307692307691,992
306,229,0,41,0.11009615384615386,992
307,232,0,36,0.11153846153846154,992
308,221,0,48,0.10625,1008
309,209,0,54,0.10048076923076923,1023
310,197,0,58,0.09471153846153849,1038
311,191,0,63,0.09182692307692308,1044
312,187,0,72,0.08990384615384615,1050
313,185,0,78,0.08894230769230768,1054
314,186,0,83,0.08942307692307694,1059
315,189,0,88,0.09086538461538461,1061
316,191,1,96,0.09134615384615385,1067
317,191,0,103,0.09182692307692308,1071
318,194,1,109,0.09278846153846154,1073
319,192,0,113,0.09230769230769231,1077
320,189,0,118,0.09086538461538463,1081
321,193,0,122,0.09278846153846154,1084
322,200,0,127,0.09615384615384615,1084
323,204,1,129,0.09759615384615385,1085
324,202,0,133,0.09711538461538462,1088
325,201,0,132,0.0966346153846154,1092
326,202,0,130,0.09711538461538463,1095
327,206,0,120,0.09903846153846155,1096
328,209,0,113,0.10048076923076923,1097
329,210,1,113,0.10048076923076923,1101
330,215,2,108,0.10240384615384615,1102
331,222,1,104,0.10625,1102
332,225,1,97,0.10769230769230771,1105
333,227,0,91,0.10913461538461537,1107
334,230,0,89,0.11057692307692309,1109
335,230,0,89,0.11057692307692309,1112
336,231,0,81,0.11105769230769229,1115
337,230,0,73,0.11057692307692309,1117
338,228,0,73,0.10961538461538463,1123
339,226,0,80,0.10865384615384617,1126
340,225,1,84,0.10769230769230771,1131
341,229,0,88,0.11009615384615383,1134
342,232,0,89,0.11153846153846154,1138
343,233,0,91,0.11201923076923075,1143
344,228,0,96,0.10961538461538463,1150
345,224,0,101,0.10769230769230768,1155
346,225,0,107,0.10817307692307691,1162
347,224,0,112,0.10769230769230768,1167
348,222,0,114,0.10673076923076923,1171
349,222,0,123,0.10673076923076925,1176
350,222,0,130,0.10673076923076925,1181
351,224,0,135,0.10769230769230771,1187
352,226,0,138,0.10865384615384617,1189
353,227,0,142,0.10913461538461537,1192
354,228,0,148,0.10961538461538463,1194
355,227,0,151,0.1091346153846154,1198
356,228,0,152,0.1096153846153846,1201
357,228,0,161,0.10961538461538463,1204
358,227,0,170,0.10913461538461537,1206
359,226,0,181,0.10865384615384614,1210
360,229,1,150,0.1096153846153846,1213
361,235,1,120,0.1125,1214
362,236,0,101,0.11346153846153846,1215
363,239,0,86,0.11490384615384616,1215
364,240,0,72,0.11538461538461538,1218
365,243,0,60,0.11682692307692308,1218
366,248,0,51,0.11923076923076925,1218
367,258,0,44,0.12403846153846154,1218
368,246,0,56,0.1182692307692308,1232
369,239,0,66,0.11490384615384616,1245
370,236,1,72,0.11298076923076925,1253
371,228,0,72,0.10961538461538463,1262
372,227,0,81,0.1091346153846154,1267
373,224,0,87,0.10769230769230771,1273
374,224,0,94,0.10769230769230768,1275
375,226,0,100,0.10865384615384617,1276
376,222,0,105,0.10673076923076925,1282
377,217,1,112,0.10384615384615384,1290
378,213,0,117,0.10240384615384615,1297
379,215,0,121,0.10336538461538462,1302
380,213,0,124,0.10240384615384616,1306
381,214,0,126,0.10288461538461538,1309
382,215,0,129,0.10336538461538462,1311
383,210,0,133,0.10096153846153846,1319
384,209,0,131,0.10048076923076925,1322
385,208,0,130,0.1,1328
386,206,0,130,0.09903846153846155,1331
387,210,1,132,0.10048076923076923,1331
388,209,1,128,0.1,1335
389,216,1,121,0.10336538461538462,1337
390,218,0,112,0.1048076923076923,1337
391,219,0,104,0.10528846153846154,1339
392,218,0,94,0.10480769230769231,1342
393,221,1,81,0.10576923076923077,1346
394,222,1,69,0.10625,1350
395,221,0,65,0.10625,1355
396,223,0,58,0.10721153846153846,1358
397,225,0,55,0.10817307692307694,1360
398,219,0,49,0.10528846153846154,1366
399,219,0,46,0.10528846153846154,1369
400,217,0,48,0.10432692307692308,1373
401,217,1,61,0.10384615384615384,1378
402,212,0,69,0.10192307692307692,1384
403,211,0,73,0.10144230769230769,1388
404,203,0,76,0.09759615384615385,1398
405,198,0,82,0.09519230769230771,1407
406,198,0,87,0.09519230769230769,1411
407,197,0,96,0.09471153846153847,1415
408,194,0,97,0.09326923076923077,1422
409,192,0,99,0.0923076923076923,1427
410,190,0,99,0.09134615384615385,1433
411,191,0,101,0.09182692307692307,1440
412,189,0,102,0.09086538461538463,1446
413,185,0,109,0.0889423076923077,1450
414,185,0,113,0.08894230769230768,1454
415,187,0,120,0.08990384615384615,1455
416,184,0,124,0.08846153846153847,1460
417,185,0,131,0.0889423076923077,1462
418,188,0,137,0.0903846153846154,1464
419,188,0,147,0.09038461538461538,1467
420,190,0,115,0.09134615384615385,1468
421,193,0,85,0.09278846153846154,1470
422,194,0,64,0.09326923076923077,1472
423,197,0,46,0.09471153846153846,1472
424,196,0,36,0.09423076923076923,1474
425,198,0,30,0.09519230769230769,1474
426,203,0,28,0.09759615384615385,1474
427,208,0,27,0.1,1474
428,204,0,45,0.09807692307692308,1483
429,196,0,55,0.09423076923076923,1495
430,190,0,60,0.09134615384615385,1507
431,188,0,66,0.0903846153846154,1515
432,188,0,65,0.0903846153846154,1521
433,185,0,66,0.08894230769230768,1526
434,187,0,71,0.08990384615384614,1527
435,189,0,75,0.09086538461538463,1528
436,187,0,79,0.08990384615384617,1537
437,189,0,88,0.09086538461538463,1541
438,183,0,96,0.08798076923076924,1547
439,181,0,103,0.08701923076923077,1550
440,179,0,106,0.08605769230769231,1556
441,179,0,110,0.08605769230769231,1557
442,181,0,110,0.08701923076923077,1560
443,187,1,111,0.08942307692307692,1560
444,190,1,114,0.09086538461538461,1564
445,190,0,114,0.09134615384615384,1567
446,190,0,113,0.09134615384615384,1569
447,188,0,114,0.0903846153846154,1573
448,189,1,113,0.09038461538461538,1576
449,191,0,107,0.09182692307692308,1576
450,199,1,111,0.0951923076923077,1576
451,201,0,108,0.09663461538461539,1579
452,204,0,99,0.09807692307692309,1580
453,205,0,85,0.09855769230769232,1583
454,206,0,71,0.09903846153846155,1585
455,211,0,60,0.1014423076923077,1585
456,214,0,57,0.10288461538461538,1585
457,214,0,53,0.10288461538461538,1590
458,213,0,55,0.10240384615384616,1595
459,213,0,58,0.10240384615384615,1600
460,210,1,65,0.10048076923076923,1606
461,208,1,72,0.09951923076923078,1614
462,202,0,78,0.09711538461538463,1622
463,200,0,86,0.09615384615384616,1627
464,200,0,89,0.09615384615384615,1632
465,202,1,96,0.0966346153846154,1635
466,205,1,101,0.09807692307692309,1637
467,204,0,106,0.09807692307692309,1640
468,203,0,108,0.09759615384615386,1644
469,204,1,115,0.09759615384615386,1648
470,204,0,120,0.09807692307692309,1652
471,207,1,121,0.09903846153846155,1657
472,204,0,126,0.09807692307692309,1661
473,205,0,130,0.09855769230769232,1663
474,206,0,134,0.09903846153846155,1665
475,207,0,136,0.09951923076923078,1669
476,206,0,141,0.09903846153846155,1673
477,204,0,150,0.09807692307692308,1677
478,209,0,157,0.10048076923076923,1677
479,215,0,169,0.10336538461538462,1677
480,218,0,138,0.10480769230769231,1678
481,220,0,112,0.10576923076923077,1678
482,225,0,88,0.10817307692307691,1678
483,228,0,71,0.1096153846153846,1680
484,229,0,60,0.11009615384615383,1680
485,232,0,52,0.11153846153846154,1680
486,236,0,49,0.11346153846153846,1680
487,241,1,49,0.11538461538461538,1680
488,240,1,64,0.11490384615384616,1688
489,230,0,73,0.11057692307692309,1701
490,224,0,80,0.10769230769230771,1711
491,225,0,88,0.10817307692307691,1715
492,223,0,91,0.10721153846153848,1719
493,224,0,95,0.10769230769230771,1722
494,225,0,99,0.10817307692307691,1724
495,229,1,105,0.10961538461538463,1726
496,221,0,112,0.10625,1736
497,218,0,121,0.1048076923076923,1740
498,215,0,130,0.10336538461538462,1747
499,214,0,142,0.10288461538461538,1752
500,214,0,146,0.10288461538461538,1758
501,216,0,149,0.10384615384615384,1759
502,212,0,151,0.10192307692307692,1764
503,212,0,149,0.10192307692307692,1766
504,212,0,148,0.10192307692307692,1769
505,215,0,145,0.10336538461538462,1771
506,215,0,145,0.10336538461538462,1774
507,214,0,141,0.10288461538461538,1777
508,219,0,140,0.10528846153846154,1778
509,222,0,142,0.10673076923076923,1779
510,227,0,139,0.10913461538461537,1779
511,230,0,136,0.11057692307692309,1780
512,234,0,131,0.1125,1783
513,236,0,126,0.11346153846153846,1784
514,235,0,117,0.11298076923076925,1787
515,234,0,106,0.1125,1792
516,233,0,94,0.11201923076923077,1795
517,232,0,79,0.11153846153846154,1799
518,235,0,71,0.11298076923076925,1799
519,234,0,66,0.1125,1803
520,235,0,64,0.11298076923076923,1807
521,233,0,65,0.11201923076923075,1813
522,235,0,70,0.11298076923076923,1817
523,234,0,76,0.1125,1820
524,229,0,80,0.11009615384615383,1828
525,221,1,84,0.10576923076923077,1840
526,215,0,91,0.10336538461538462,1847
527,213,0,94,0.10240384615384616,1853
528,216,0,105,0.10384615384615384,1857
529,217,0,107,0.10432692307692308,1861
530,217,0,116,0.10432692307692308,1862
531,217,0,121,0.10432692307692307,1866
532,217,1,126,0.10384615384615385,1872
533,219,0,130,0.10528846153846154,1876
534,219,0,132,0.10528846153846154,1880
535,219,0,139,0.10528846153846154,1884
536,222,0,147,0.10673076923076923,1885
537,221,0,158,0.10625,1888
538,223,0,161,0.10721153846153846,1891
539,224,0,166,0.10769230769230768,1895
540,225,0,136,0.10817307692307691,1898
541,231,0,112,0.11105769230769233,1899
542,236,0,91,0.11346153846153846,1902
543,241,1,74,0.11538461538461538,1904
544,243,0,63,0.11682692307692308,1906
545,243,0,50,0.11682692307692308,1906
546,247,0,43,0.11875,1906
547,249,0,42,0.11971153846153845,1906
548,244,2,54,0.11634615384615385,1918
549,234,3,68,0.11105769230769232,1931
550,227,2,78,0.10817307692307691,1939
551,221,1,83,0.1057692307692308,1947
552,220,0,89,0.1057692307692308,1955
553,220,1,92,0.10528846153846154,1959
554,217,0,97,0.10432692307692308,1965
555,221,0,97,0.10625,1966
556,225,0,104,0.10817307692307694,1970
557,224,0,108,0.10769230769230771,1974
558,219,0,113,0.10528846153846154,1980
559,214,0,117,0.10288461538461538,1988
560,209,0,122,0.10048076923076923,1994
561,205,0,125,0.0985576923076923,2000
562,205,0,126,0.09855769230769232,2001
563,205,0,125,0.0985576923076923,2004
564,206,1,128,0.09855769230769229,2008
565,205,0,122,0.09855769230769232,2013
566,205,0,115,0.09855769230769232,2018
567,208,0,113,0.1,2021
568,209,0,105,0.10048076923076923,2024
569,213,0,92,0.10240384615384615,2025
570,213,0,84,0.10240384615384616,2027
571,211,0,80,0.1014423076923077,2032
572,213,0,80,0.10240384615384616,2034
573,211,0,78,0.10144230769230769,2040
574,211,0,73,0.1014423076923077,2045
575,208,0,69,0.1,2051
576,205,0,65,0.09855769230769232,2056
577,204,0,62,0.09807692307692309,2063
578,199,0,61,0.09567307692307694,2070
579,197,0,60,0.09471153846153847,2075
580,195,0,65,0.09375,2078
581,199,0,68,0.09567307692307692,2080
582,200,0,72,0.09615384615384617,2085
583,202,0,76,0.09711538461538463,2089
584,200,0,77,0.09615384615384616,2095
585,197,0,87,0.09471153846153846,2103
586,195,0,91,0.09375,2108
587,195,0,97,0.09375,2113
588,197,0,99,0.09471153846153846,2117
589,194,0,102,0.09326923076923077,2122
590,194,0,109,0.09326923076923077,2126
591,195,0,113,0.09375,2129
592,197,0,116,0.09471153846153846,2131
593,202,0,124,0.09711538461538463,2132
594,203,0,127,0.09759615384615386,2133
595,204,0,132,0.09807692307692309,2134
596,204,0,135,0.09807692307692308,2135
597,199,0,140,0.09567307692307692,2141
598,197,0,144,0.09471153846153846,2147
599,202,0,153,0.09711538461538462,2148
600,200,2,124,0.09519230769230769,2157
601,204,0,98,0.09807692307692308,2157
602,210,0,74,0.10096153846153846,2158
603,216,0,57,0.10384615384615385,2159
604,220,0,45,0.10576923076923075,2163
605,226,1,37,0.10817307692307691,2163
606,230,0,33,0.11057692307692309,2163
607,235,0,35,0.11298076923076925,2163
608,224,0,47,0.10769230769230771,2175
609,219,1,59,0.10480769230769231,2184
610,212,0,73,0.10192307692307694,2194
611,210,0,82,0.10096153846153846,2199
612,207,0,88,0.09951923076923078,2204
613,210,0,93,0.10096153846153846,2205
614,209,0,95,0.10048076923076923,2208
615,213,0,96,0.10240384615384616,2209
616,211,0,102,0.10144230769230769,2215
617,211,0,109,0.1014423076923077,2220
618,206,0,114,0.09903846153846155,2225
619,203,0,119,0.09759615384615385,2231
620,204,0,123,0.09807692307692308,2239
621,202,0,126,0.0971153846153846,2244
622,206,0,127,0.09903846153846155,2244
623,205,0,127,0.09855769230769232,2246
624,206,0,129,0.09903846153846155,2249
625,206,0,129,0.09903846153846155,2254
626,213,2,126,0.10144230769230769,2254
627,213,0,124,0.10240384615384615,2256
628,214,0,118,0.10288461538461538,2258
629,224,0,115,0.10769230769230768,2259
630,224,0,112,0.10769230769230768,2261
631,221,0,105,0.10625,2265
632,222,1,95,0.10625,2267
633,218,0,90,0.10480769230769231,2272
634,217,0,87,0.10432692307692308,2273
635,218,0,78,0.10480769230769231,2275
636,214,0,73,0.1028846153846154,2283
637,218,0,71,0.10480769230769231,2286
638,223,1,69,0.10673076923076923,2289
639,226,0,68,0.10865384615384617,2291
640,228,0,67,0.10961538461538463,2296
641,222,0,67,0.10673076923076923,2303
642,218,0,69,0.10480769230769231,2309
643,216,1,72,0.10336538461538462,2315
644,220,0,77,0.10576923076923077,2319
645,218,0,86,0.1048076923076923,2326
646,215,0,89,0.10336538461538462,2332
647,209,0,93,0.10048076923076923,2340
648,206,0,95,0.09903846153846153,2347
649,209,0,98,0.10048076923076923,2350
650,212,1,101,0.1014423076923077,2352
651,213,0,110,0.10240384615384616,2355
652,210,1,117,0.10048076923076923,2361
653,215,0,123,0.10336538461538462,2363
654,215,0,129,0.10336538461538461,2369
655,214,0,134,0.10288461538461538,2372
656,220,0,139,0.10576923076923077,2374
657,220,0,146,0.10576923076923077,2377
658,221,0,151,0.10625,2379
659,224,1,158,0.10721153846153846,2381
660,225,0,128,0.10817307692307691,2382
661,226,1,107,0.10817307692307694,2386
662,229,0,91,0.11009615384615383,2387
663,231,0,70,0.11105769230769229,2389
664,226,0,64,0.10865384615384617,2394
665,230,1,57,0.11009615384615386,2394
666,235,0,51,0.11298076923076925,2394
667,240,0,49,0.11538461538461538,2394
668,229,0,58,0.11009615384615386,2408
669,222,1,71,0.10625,2421
670,220,0,81,0.10576923076923077,2429
671,216,0,87,0.10384615384615385,2436
672,215,0,90,0.10336538461538462,2441
673,214,0,92,0.1028846153846154,2445
674,215,0,95,0.10336538461538462,2448
675,216,0,97,0.10384615384615384,2450
676,219,1,106,0.1048076923076923,2454
677,217,0,110,0.10432692307692308,2459
678,218,0,115,0.10480769230769231,2463
679,213,0,119,0.10240384615384616,2468
680,209,0,124,0.10048076923076923,2473
681,214,0,128,0.10288461538461538,2474
682,218,0,134,0.10480769230769231,2475
683,218,0,134,0.10480769230769231,2477
684,220,0,132,0.10576923076923077,2481
685,221,0,127,0.10625,2483
686,221,0,127,0.10625,2486
687,220,0,123,0.10576923076923077,2490
688,221,0,121,0.10625,2491
689,223,0,123,0.10721153846153846,2492
690,225,0,116,0.10817307692307691,2495
691,226,0,112,0.10865384615384617,2498
692,224,0,111,0.10769230769230768,2500
693,227,2,103,0.10817307692307691,2504
694,227,0,97,0.10913461538461537,2507
695,227,0,85,0.10913461538461537,2510
696,229,0,69,0.11009615384615383,2515
697,229,0,61,0.11009615384615387,2517
698,231,0,63,0.11105769230769232,2520
699,232,0,59,0.11153846153846154,2525
700,233,0,60,0.11201923076923075,2531
701,230,0,66,0.11057692307692309,2538
702,227,0,70,0.1091346153846154,2546
703,225,0,78,0.10817307692307691,2553
704,227,0,86,0.10913461538461537,2560
705,225,0,94,0.10817307692307691,2566
706,222,0,100,0.10673076923076923,2571
707,221,0,109,0.10625,2577
708,221,0,112,0.10625,2583
709,221,0,116,0.10625,2588
710,222,0,120,0.10673076923076925,2593
711,221,0,125,0.10625,2597
712,222,0,134,0.10673076923076923,2601
713,225,1,140,0.10769230769230771,2602
714,227,0,146,0.10913461538461537,2605
715,226,0,150,0.10865384615384617,2606
716,228,0,154,0.1096153846153846,2611
717,229,0,163,0.11009615384615383,2614
718,230,0,173,0.11057692307692309,2617
719,230,0,178,0.11057692307692309,2619
720,228,0,149,0.10961538461538463,2623
721,235,0,119,0.11298076923076923,2624
722,239,1,95,0.11442307692307693,2625
723,241,0,71,0.11586538461538462,2627
724,241,0,59,0.11586538461538462,2628
725,249,0,47,0.11971153846153845,2628
726,252,0,36,0.12115384615384617,2628
727,256,0,32,0.12307692307692308,2628
728,248,0,40,0.11923076923076925,2643
729,245,1,49,0.11730769230769231,2653
730,244,0,55,0.1173076923076923,2661
731,240,0,67,0.11538461538461538,2669
732,236,0,74,0.11346153846153846,2676
733,234,0,81,0.1125,2683
734,235,0,88,0.11298076923076923,2688
735,237,0,92,0.1139423076923077,2689
736,234,0,102,0.1125,2697
737,224,0,111,0.10769230769230771,2710
738,217,0,123,0.10432692307692308,2719
739,216,0,128,0.10384615384615385,2723
740,215,0,130,0.10336538461538462,2728
741,213,0,134,0.10240384615384616,2732
742,217,0,141,0.10432692307692308,2733
743,219,0,138,0.10528846153846154,2734
744,224,1,138,0.10721153846153846,2734
745,225,0,137,0.10817307692307691,2736
746,226,0,134,0.10865384615384617,2737
747,226,0,129,0.10865384615384617,2742
748,226,0,123,0.10865384615384617,2745
749,223,0,115,0.10721153846153846,2750
750,224,0,111,0.10769230769230771,2752
751,225,0,112,0.10817307692307691,2756
752,223,0,114,0.10721153846153846,2761
753,226,0,110,0.10865384615384614,2765
754,225,0,101,0.10817307692307691,2769
755,225,0,92,0.10817307692307691,2771
756,223,0,83,0.10721153846153846,2775
757,224,0,73,0.10769230769230771,2778
758,223,0,69,0.10721153846153846,2781
759,221,0,62,0.10625,2787
760,223,0,57,0.10721153846153846,2789
761,223,0,62,0.10721153846153846,2794
762,216,0,65,0.10384615384615385,2803
763,213,0,68,0.10240384615384616,2811
764,206,0,72,0.09903846153846155,2821
765,204,0,78,0.09807692307692308,2827
766,202,0,81,0.09711538461538462,2833
767,201,1,87,0.09615384615384615,2841
768,199,0,93,0.09567307692307692,2847
769,203,1,98,0.09711538461538462,2849
770,204,0,102,0.09807692307692309,2854
771,200,0,109,0.09615384615384617,2861
772,196,0,110,0.09423076923076923,2867
773,199,0,118,0.09567307692307693,2870
774,204,1,120,0.09759615384615386,2873
775,208,0,125,0.1,2874
776,208,0,128,0.09999999999999999,2877
777,210,0,138,0.10096153846153846,2880
778,216,0,147,0.10384615384615385,2881
779,219,0,153,0.10528846153846154,2882
780,219,1,118,0.1048076923076923,2885
781,217,1,93,0.10384615384615384,2890
782,215,0,77,0.10336538461538462,2893
783,216,0,60,0.10384615384615384,2894
784,215,0,49,0.10336538461538462,2896
785,216,0,43,0.10384615384615385,2896
786,219,0,42,0.10528846153846154,2896
787,226,1,40,0.10817307692307691,2896
788,215,0,51,0.10336538461538462,2911
789,210,0,61,0.10096153846153846,2919
790,197,0,66,0.09471153846153846,2937
791,196,0,76,0.09423076923076923,2942
792,200,0,79,0.09615384615384616,2945
793,205,0,84,0.09855769230769232,2947
794,207,0,91,0.09951923076923078,2948
795,209,0,95,0.10048076923076923,2950
796,208,0,99,0.1,2956
797,204,0,105,0.09807692307692308,2965
798,206,1,109,0.0985576923076923,2968
799,210,0,114,0.10096153846153848,2972
800,209,0,120,0.10048076923076925,2977
801,214,0,121,0.10288461538461538,2978
802,220,0,117,0.1057692307692308,2978
803,223,0,115,0.10721153846153846,2980
804,223,0,118,0.10721153846153846,2982
805,227,0,114,0.10913461538461537,2984
806,232,0,108,0.11153846153846154,2986
807,235,0,108,0.11298076923076923,2988
808,238,0,106,0.11442307692307693,2989
809,240,0,105,0.11538461538461538,2991
810,244,0,106,0.1173076923076923,2993
811,245,0,100,0.11778846153846154,2995
812,248,0,93,0.11923076923076922,2998
813,248,0,89,0.11923076923076922,3001
814,247,0,83,0.11875,3003
815,247,0,82,0.11875,3007
816,249,0,76,0.11971153846153845,3009
817,244,0,71,0.1173076923076923,3015
818,242,0,73,0.11634615384615385,3019
819,242,0,80,0.11634615384615385,3025
820,238,0,85,0.11442307692307693,3032
821,234,0,90,0.1125,3039
822,233,0,97,0.11201923076923077,3044
823,230,0,105,0.11057692307692309,3049
824,226,0,111,0.10865384615384617,3058
825,226,0,116,0.10865384615384617,3062
826,223,0,122,0.10721153846153846,3067
827,229,0,129,0.11009615384615386,3070
828,228,0,132,0.10961538461538463,3074
829,223,0,136,0.10721153846153846,3081
830,217,0,139,0.10432692307692308,3090
831,221,1,140,0.10576923076923077,3093
832,219,0,143,0.10528846153846154,3099
833,220,0,148,0.10576923076923077,3104
834,220,0,149,0.10576923076923077,3108
835,222,0,154,0.10673076923076925,3111
836,225,0,155,0.10817307692307694,3112
837,227,0,158,0.1091346153846154,3113
838,227,0,163,0.1091346153846154,3115
839,228,0,171,0.10961538461538463,3119
840,235,1,142,0.1125,3121
841,239,1,116,0.11442307692307693,3123
842,249,0,90,0.11971153846153845,3124
843,255,0,75,0.12259615384615388,3124
844,259,0,64,0.12451923076923077,3127
845,262,0,53,0.12596153846153846,3127
846,268,0,45,0.12884615384615383,3127
847,270,0,41,0.1298076923076923,3127
848,265,0,57,0.12740384615384617,3138
849,251,0,63,0.12067307692307691,3157
850,245,0,79,0.11778846153846154,3165
851,246,1,87,0.11778846153846154,3174
852,249,0,93,0.11971153846153845,3180
853,245,0,96,0.11778846153846154,3186
854,247,0,100,0.11875,3189
855,249,0,103,0.11971153846153845,3189
856,247,0,113,0.11875000000000002,3197
857,244,0,121,0.1173076923076923,3203
858,243,0,125,0.11682692307692308,3209
859,241,0,134,0.11586538461538462,3216
860,240,0,141,0.11538461538461538,3220
861,240,0,142,0.11538461538461538,3222
862,241,0,146,0.11586538461538462,3226
863,244,0,144,0.11730769230769231,3229
864,244,0,144,0.11730769230769231,3232
865,246,0,143,0.11826923076923077,3233
866,243,0,139,0.11682692307692308,3238
867,243,1,134,0.11634615384615385,3242
868,243,0,134,0.11682692307692308,3245
869,245,0,130,0.11778846153846154,3248
870,247,0,125,0.11875,3250
871,250,0,123,0.12019230769230768,3254
872,252,1,122,0.12067307692307691,3256
873,256,0,118,0.12307692307692308,3258
874,253,0,116,0.1216346153846154,3263
875,252,0,109,0.12115384615384617,3267
876,250,0,101,0.12019230769230771,3275
877,253,1,94,0.12115384615384617,3280
878,252,0,93,0.12115384615384617,3283
879,251,0,93,0.12067307692307691,3287
880,250,0,90,0.12019230769230771,3292
881,248,0,94,0.11923076923076922,3299
882,244,0,94,0.11730769230769231,3305
883,240,0,99,0.11538461538461538,3312
884,237,0,103,0.11394230769230769,3320
885,234,0,112,0.1125,3329
886,232,0,116,0.11153846153846154,3334
887,231,1,124,0.11057692307692309,3340
888,232,1,130,0.11105769230769232,3346
889,232,1,133,0.11105769230769232,3350
890,232,0,138,0.11153846153846154,3353
891,226,0,145,0.10865384615384617,3359
892,226,0,153,0.10865384615384617,3363
893,229,1,158,0.10961538461538463,3364
894,225,0,163,0.10817307692307691,3369
895,225,0,168,0.10817307692307691,3371
896,227,0,175,0.10913461538461537,3373
897,229,0,185,0.11009615384615386,3375
898,231,0,189,0.11105769230769232,3378
899,232,0,190,0.11153846153846154,3378
900,235,1,159,0.1125,3380
901,235,0,129,0.11298076923076925,3384
902,238,0,103,0.11442307692307692,3385
903,243,0,81,0.11682692307692308,3386
904,245,0,65,0.11778846153846154,3387
905,246,0,50,0.11826923076923075,3387
906,248,0,39,0.11923076923076925,3387
907,249,0,32,0.11971153846153845,3387
908,240,1,43,0.11490384615384616,3401
909,232,0,60,0.11153846153846154,3410
910,232,0,71,0.11153846153846154,3416
911,227,0,86,0.1091346153846154,3425
912,224,0,95,0.10769230769230771,3432
913,216,0,98,0.10384615384615384,3441
914,213,0,104,0.10240384615384616,3446
915,217,0,108,0.10432692307692308,3447
916,216,0,121,0.10384615384615385,3450
917,214,0,128,0.10288461538461538,3454
918,211,0,138,0.1014423076923077,3458
919,210,0,141,0.10096153846153846,3462
920,212,0,143,0.10192307692307692,3465
921,213,0,142,0.10240384615384616,3469
922,212,0,140,0.10192307692307692,3473
923,217,0,139,0.10432692307692308,3473
924,222,1,139,0.10625,3474
925,222,0,136,0.10673076923076923,3477
926,221,0,132,0.10625,3479
927,223,0,127,0.10721153846153846,3481
928,223,0,126,0.10721153846153846,3484
929,224,0,125,0.10769230769230771,3485
930,224,0,120,0.10769230769230771,3489
931,224,0,121,0.10769230769230771,3492
932,227,1,119,0.10865384615384617,3493
933,231,0,113,0.11105769230769232,3495
934,231,0,107,0.11105769230769232,3498
935,235,1,101,0.1125,3502
936,236,0,91,0.11346153846153846,3504
937,234,0,81,0.1125,3510
938,240,0,80,0.11538461538461538,3513
939,240,0,79,0.11538461538461538,3517
940,238,0,78,0.11442307692307692,3522
941,238,0,82,0.11442307692307693,3527
942,235,0,82,0.11298076923076925,3534
943,228,0,83,0.10961538461538463,3542
944,222,0,87,0.10673076923076923,3551
945,221,1,92,0.10576923076923077,3559
946,216,0,99,0.10384615384615385,3566
947,219,0,108,0.10528846153846154,3568
948,216,0,111,0.10384615384615385,3575
949,208,0,117,0.1,3583
950,211,0,124,0.1014423076923077,3586
951,211,0,130,0.1014423076923077,3589
952,212,0,137,0.10192307692307694,3594
953,216,0,141,0.10384615384615385,3596
954,217,1,143,0.10384615384615385,3599
955,215,0,146,0.10336538461538462,3603
956,219,0,149,0.10528846153846154,3603
957,220,0,151,0.10576923076923075,3605
958,225,0,162,0.10817307692307691,3606
959,222,0,167,0.10673076923076923,3610
960,225,0,140,0.10817307692307694,3610
961,226,1,116,0.10817307692307691,3613
962,228,0,93,0.10961538461538463,3614
963,232,1,72,0.11105769230769232,3614
964,231,0,62,0.11105769230769232,3617
965,234,0,52,0.1125,3617
966,239,1,50,0.11442307692307693,3617
967,242,0,47,0.11634615384615385,3617
968,231,0,57,0.11105769230769232,3630
969,221,0,65,0.10625,3643
970,215,0,78,0.10336538461538462,3651
971,206,0,85,0.09903846153846155,3663
972,206,0,90,0.09903846153846155,3668
973,204,0,95,0.09807692307692309,3672
974,205,0,100,0.09855769230769232,3673
975,207,0,104,0.09951923076923078,3673
976,204,0,108,0.09807692307692309,3683
977,201,0,112,0.09663461538461537,3692
978,201,0,118,0.09663461538461537,3697
979,202,0,119,0.0971153846153846,3700
980,201,0,119,0.09663461538461537,3705
981,202,0,120,0.09711538461538462,3708
982,205,1,119,0.09807692307692309,3710
983,210,1,118,0.10048076923076923,3713
984,210,0,118,0.10096153846153846,3715
985,208,0,118,0.1,3721
986,209,0,118,0.10048076923076923,3723
987,210,0,118,0.10096153846153846,3725
988,210,0,116,0.10096153846153846,3726
989,215,1,111,0.1028846153846154,3729
990,215,0,108,0.10336538461538462,3731
991,218,0,110,0.10480769230769231,3731
992,217,0,107,0.10432692307692308,3735
993,224,1,100,0.10721153846153848,3736
994,228,0,88,0.10961538461538463,3738
995,231,0,83,0.11105769230769232,3738
996,234,0,76,0.1125,3743
997,234,0,72,0.1125,3747
998,231,0,70,0.11105769230769233,3753
999,229,0,71,0.11009615384615386,3755
1000,225,0,68,0.10817307692307694,3763
1001,223,0,74,0.10721153846153846,3769
1002,218,0,80,0.10480769230769231,3775
1003,217,1,86,0.10384615384615384,3781
1004,211,0,91,0.10144230769230769,3790
1005,213,0,99,0.10240384615384616,3793
1006,212,0,99,0.10192307692307692,3800
1007,211,0,99,0.10144230769230769,3804
1008,208,0,101,0.09999999999999999,3812
1009,210,1,108,0.1004807692307692,3816
1010,210,0,115,0.10096153846153846,3822
1011,207,0,120,0.09951923076923076,3827
1012,207,0,122,0.09951923076923078,3833
1013,205,1,127,0.09807692307692308,3840
1014,209,0,133,0.10048076923076925,3842
1015,207,0,135,0.09951923076923076,3846
1016,209,0,137,0.10048076923076923,3846
1017,210,0,145,0.10096153846153846,3848
1018,208,0,153,0.1,3851
1019,207,0,156,0.09951923076923078,3854
1020,211,0,127,0.10144230769230769,3855
1021,217,1,102,0.10384615384615384,3856
1022,221,0,89,0.10625,3856
1023,225,1,70,0.10769230769230768,3858
1024,228,0,61,0.10961538461538463,3858
1025,231,0,52,0.11105769230769232,3858
1026,233,0,43,0.11201923076923079,3858
1027,233,0,38,0.11201923076923077,3858
1028,226,0,51,0.10865384615384617,3870
1029,215,0,62,0.10336538461538462,3883
1030,211,0,68,0.1014423076923077,3891
1031,210,1,77,0.10048076923076923,3896
1032,206,0,83,0.09903846153846155,3903
1033,208,0,89,0.10000000000000002,3907
1034,210,0,94,0.10096153846153846,3909
1035,211,0,96,0.10144230769230769,3911
1036,209,0,108,0.10048076923076923,3917
1037,208,0,110,0.1,3921
1038,199,0,115,0.09567307692307694,3931
1039,199,0,118,0.09567307692307693,3934
1040,202,0,121,0.09711538461538463,3934
1041,202,0,125,0.09711538461538463,3935
1042,204,0,128,0.09807692307692309,3938
1043,210,1,131,0.10048076923076923,3938
1044,210,1,133,0.10048076923076923,3942
1045,212,0,137,0.10192307692307692,3947
1046,217,0,136,0.10432692307692308,3947
1047,215,0,135,0.10336538461538462,3950
1048,213,0,129,0.10240384615384616,3954
1049,216,0,118,0.10384615384615384,3955
1050,219,0,110,0.10528846153846154,3956
1051,220,0,104,0.10576923076923077,3958
1052,223,0,99,0.10721153846153846,3959
1053,223,0,94,0.10721153846153846,3960
1054,228,0,86,0.10961538461538463,3962
1055,223,0,76,0.10721153846153846,3968
1056,226,0,72,0.10865384615384617,3973
1057,221,0,70,0.10625,3980
1058,217,0,68,0.10432692307692308,3989
1059,216,0,66,0.10384615384615384,3994
1060,216,0,69,0.10384615384615385,3998
1061,212,0,71,0.10192307692307692,4004
1062,207,0,81,0.09951923076923078,4012
1063,200,0,85,0.09615384615384616,4019
1064,199,0,91,0.09567307692307693,4026
1065,198,0,98,0.0951923076923077,4029
1066,200,0,102,0.09615384615384616,4032
1067,201,0,111,0.09663461538461537,4033
1068,198,0,115,0.09519230769230769,4037
1069,201,0,119,0.09663461538461539,4041
1070,202,0,123,0.0971153846153846,4044
1071,204,0,125,0.09807692307692308,4046
1072,204,0,133,0.09807692307692309,4048
1073,204,0,137,0.09807692307692308,4050
1074,205,0,143,0.09855769230769232,4054
1075,207,0,147,0.09951923076923078,4056
1076,208,1,149,0.09951923076923078,4059
1077,209,0,158,0.10048076923076923,4060
1078,210,0,164,0.10096153846153846,4061
1079,212,0,169,0.10192307692307692,4062
1080,213,0,138,0.10240384615384616,4065
1081,215,0,111,0.10336538461538462,4066
1082,215,0,89,0.10336538461538461,4069
1083,218,1,71,0.10432692307692308,4070
1084,221,0,59,0.10625,4070
1085,223,0,49,0.10721153846153846,4070
1086,228,0,40,0.10961538461538463,4070
1087,233,0,36,0.11201923076923077,4070
1088,222,0,50,0.10673076923076923,4084
1089,214,0,58,0.10288461538461538,4094
1090,208,0,70,0.1,4104
1091,208,0,77,0.1,4110
1092,211,1,83,0.10096153846153846,4114
1093,212,0,86,0.10192307692307692,4118
1094,213,0,89,0.10240384615384616,4121
1095,219,0,93,0.10528846153846154,4123
1096,221,1,95,0.10576923076923075,4129
1097,220,0,103,0.10576923076923077,4134
1098,219,0,110,0.10528846153846154,4137
1099,217,0,115,0.10432692307692308,4146
1100,214,0,122,0.1028846153846154,4152
1101,213,0,127,0.10240384615384616,4156
1102,216,0,137,0.10384615384615384,4156
1103,215,0,142,0.10336538461538462,4158
1104,217,0,149,0.10432692307692308,4161
1105,217,0,152,0.10432692307692308,4164
1106,220,0,153,0.10576923076923077,4165
1107,222,0,154,0.10673076923076923,4166
1108,222,0,151,0.10673076923076925,4168
1109,223,0,147,0.10721153846153846,4170
1110,225,0,140,0.10817307692307694,4170
1111,230,0,135,0.11057692307692309,4172
1112,235,0,128,0.11298076923076923,4172
1113,238,0,117,0.11442307692307692,4172
1114,242,0,107,0.11634615384615385,4174
1115,244,0,99,0.1173076923076923,4176
1116,246,1,85,0.11778846153846154,4180
1117,248,2,78,0.11826923076923077,4182
1118,247,0,70,0.11875,4188
1119,249,1,67,0.11923076923076922,4193
1120,250,0,67,0.12019230769230771,4198
1121,245,0,66,0.11778846153846154,4205
1122,243,0,70,0.11682692307692308,4211
1123,242,1,73,0.11586538461538462,4217
1124,242,0,77,0.11634615384615384,4223
1125,242,0,83,0.11634615384615385,4227
1126,241,0,89,0.11586538461538462,4233
1127,237,0,94,0.1139423076923077,4241
1128,237,1,99,0.11346153846153846,4246
1129,238,0,101,0.11442307692307692,4249
1130,237,0,102,0.11394230769230769,4252
1131,236,0,111,0.11346153846153846,4254
1132,232,0,123,0.11153846153846154,4258
1133,230,0,130,0.11057692307692309,4264
1134,223,0,134,0.10721153846153846,4272
1135,224,0,138,0.10769230769230768,4277
1136,218,0,144,0.10480769230769231,4283
1137,212,0,153,0.10192307692307692,4292
1138,206,0,161,0.09903846153846155,4298
1139,205,0,163,0.09855769230769232,4304
1140,205,0,127,0.0985576923076923,4306
1141,207,0,97,0.09951923076923078,4307
1142,212,0,74,0.10192307692307692,4310
1143,215,0,61,0.10336538461538462,4310
1144,217,1,50,0.10384615384615385,4313
1145,220,0,42,0.10576923076923077,4313
1146,221,0,36,0.10625,4313
1147,224,0,35,0.10769230769230768,4313
1148,216,0,49,0.10384615384615384,4327
1149,205,0,61,0.0985576923076923,4340
1150,196,0,71,0.09423076923076924,4350
1151,196,0,79,0.09423076923076923,4356
1152,194,0,87,0.09326923076923077,4360
1153,194,0,92,0.09326923076923076,4363
1154,200,0,91,0.09615384615384615,4363
1155,205,1,95,0.09807692307692309,4364
1156,204,0,100,0.09807692307692308,4370
1157,205,0,105,0.09855769230769232,4375
1158,205,0,112,0.09855769230769232,4378
1159,207,0,119,0.09951923076923078,4381
1160,209,0,121,0.10048076923076923,4384
1161,211,0,124,0.10144230769230769,4386
1162,211,0,130,0.10144230769230769,4390
1163,212,1,131,0.1014423076923077,4393
1164,211,0,134,0.10144230769230769,4399
1165,215,0,134,0.10336538461538462,4401
1166,214,0,131,0.1028846153846154,4406
1167,215,0,128,0.10336538461538462,4411
1168,219,0,128,0.10528846153846154,4411
1169,221,0,125,0.10625,4414
1170,223,0,120,0.10721153846153846,4415
1171,222,0,113,0.10673076923076923,4417
1172,224,0,105,0.10769230769230768,4419
1173,227,0,96,0.1091346153846154,4421
1174,227,0,86,0.1091346153846154,4424
1175,226,0,79,0.10865384615384617,4427
1176,227,0,69,0.10913461538461537,4429
1177,229,0,63,0.11009615384615383,4430
1178,232,2,60,0.11057692307692309,4435
1179,230,0,56,0.11057692307692309,4439
1180,224,0,59,0.10769230769230768,4449
1181,222,0,67,0.10673076923076923,4455
1182,224,0,75,0.10769230769230771,4457
1183,221,0,81,0.10625000000000002,4464
1184,217,0,89,0.10432692307692308,4470
1185,216,0,95,0.10384615384615384,4476
1186,213,0,102,0.10240384615384615,4481
1187,215,0,109,0.10336538461538462,4485
1188,214,0,111,0.10288461538461538,4490
1189,215,0,119,0.10336538461538462,4493
1190,213,0,124,0.10240384615384616,4499
1191,215,0,128,0.10336538461538462,4503
1192,216,0,131,0.10384615384615385,4506
1193,213,0,135,0.10240384615384616,4511
1194,211,0,136,0.1014423076923077,4516
1195,208,0,143,0.1,4519
1196,213,0,148,0.10240384615384616,4520
1197,215,0,154,0.10336538461538462,4524
1198,219,0,162,0.10528846153846154,4524
1199,222,0,171,0.10673076923076923,4527
1200,225,0,139,0.10817307692307691,4528
1201,231,0,111,0.11105769230769232,4529
1202,236,0,88,0.11346153846153846,4529
1203,242,2,66,0.11538461538461539,4530
1204,245,0,54,0.11778846153846154,4532
1205,250,0,47,0.12019230769230771,4532
1206,258,0,40,0.12403846153846154,4532
1207,261,0,39,0.12548076923076926,4532
1208,255,0,51,0.12259615384615385,4541
1209,248,0,64,0.11923076923076922,4552
1210,240,0,71,0.11538461538461539,4562
1211,235,0,78,0.11298076923076925,4572
1212,238,2,88,0.11346153846153846,4577
1213,239,0,94,0.11490384615384616,4580
1214,239,0,99,0.11490384615384616,4582
1215,249,0,103,0.11971153846153845,4583
1216,246,0,111,0.1182692307692308,4590
1217,245,0,117,0.11778846153846154,4597
1218,245,1,124,0.11730769230769231,4604
1219,239,0,126,0.11490384615384616,4612
1220,244,0,132,0.11730769230769231,4615
1221,244,0,134,0.11730769230769231,4618
1222,244,0,136,0.11730769230769231,4623
1223,247,0,142,0.11875,4625
1224,242,0,143,0.11634615384615384,4632
1225,240,0,140,0.11538461538461538,4636
1226,241,0,134,0.11586538461538462,4639
1227,239,0,129,0.11490384615384616,4645
1228,243,0,132,0.11682692307692308,4647
1229,244,0,132,0.11730769230769231,4651
1230,243,0,127,0.11682692307692308,4655
1231,244,0,126,0.1173076923076923,4658
1232,244,0,115,0.11730769230769231,4660
1233,242,0,108,0.11634615384615385,4664
1234,239,0,101,0.11490384615384616,4670
1235,238,0,92,0.11442307692307692,4674
1236,239,0,86,0.11490384615384616,4678
1237,241,1,75,0.11538461538461538,4680
1238,241,0,70,0.11586538461538462,4682
1239,245,1,69,0.11730769230769231,4685
1240,241,0,68,0.1158653846153846,4691
1241,238,0,74,0.11442307692307692,4698
1242,235,0,75,0.11298076923076925,4704
1243,237,0,80,0.1139423076923077,4710
1244,234,0,95,0.1125,4715
1245,228,0,102,0.10961538461538463,4724
1246,222,0,107,0.10673076923076921,4733
1247,223,0,116,0.10721153846153846,4736
1248,220,0,118,0.10576923076923077,4743
1249,222,0,123,0.10673076923076923,4745
1250,218,0,126,0.10480769230769231,4752
1251,213,0,131,0.10240384615384616,4758
1252,214,0,133,0.10288461538461538,4762
1253,212,0,136,0.10192307692307692,4766
1254,218,0,142,0.10480769230769231,4767
1255,218,0,147,0.10480769230769231,4770
1256,221,0,150,0.10625,4774
1257,222,0,158,0.10673076923076923,4775
1258,218,0,164,0.1048076923076923,4780
1259,224,3,171,0.10625,4781
1260,228,1,138,0.10913461538461537,4782
1261,228,0,112,0.10961538461538463,4784
1262,231,0,92,0.11105769230769232,4787
1263,233,0,75,0.11201923076923079,4787
1264,233,0,66,0.11201923076923077,4789
1265,238,0,52,0.11442307692307692,4789
1266,243,1,41,0.11634615384615385,4789
1267,245,0,39,0.11778846153846154,4789
1268,236,1,53,0.11298076923076925,4803
1269,229,0,66,0.11009615384615387,4811
1270,217,0,73,0.10432692307692308,4825
1271,218,0,81,0.10480769230769231,4827
1272,212,0,83,0.10192307692307692,4837
1273,212,0,87,0.10192307692307692,4844
1274,213,0,89,0.10240384615384616,4847
1275,214,0,88,0.10288461538461538,4848
1276,211,0,99,0.10144230769230769,4852
1277,210,0,101,0.10096153846153846,4858
1278,212,1,105,0.10144230769230769,4864
1279,212,1,112,0.10144230769230769,4868
1280,214,1,119,0.10240384615384615,4870
1281,214,0,125,0.10288461538461538,4873
1282,212,0,129,0.10192307692307692,4880
1283,213,0,134,0.10240384615384616,4882
1284,213,0,136,0.10240384615384616,4883
1285,212,0,140,0.10192307692307692,4887
1286,210,0,135,0.10096153846153846,4891
1287,208,0,128,0.1,4896
1288,212,0,122,0.10192307692307692,4897
1289,213,0,118,0.10240384615384615,4899
1290,214,0,110,0.10288461538461538,4900
1291,215,0,103,0.10336538461538462,4903
1292,219,0,91,0.10528846153846154,4904
1293,223,0,79,0.10721153846153846,4905
1294,225,1,70,0.10769230769230771,4909
1295,228,0,66,0.10961538461538463,4913
1296,229,0,60,0.11009615384615383,4915
1297,228,0,59,0.10961538461538463,4919
1298,224,0,57,0.10769230769230768,4925
1299,224,0,53,0.10769230769230771,4930
1300,223,0,56,0.10721153846153846,4935
1301,222,0,62,0.10673076923076923,4942
1302,218,0,68,0.10480769230769231,4950
1303,214,0,78,0.10288461538461538,4956
1304,211,0,84,0.1014423076923077,4962
1305,209,0,85,0.10048076923076925,4968
1306,208,0,91,0.1,4972
1307,206,0,95,0.09903846153846155,4979
1308,204,0,99,0.09807692307692308,4985
1309,209,0,106,0.10048076923076925,4986
1310,213,1,112,0.10192307692307694,4989
1311,211,0,117,0.1014423076923077,4993
1312,214,1,120,0.10240384615384615,4998
1313,214,0,123,0.10288461538461538,5003
1314,213,0,125,0.10240384615384615,5005
1315,212,0,128,0.10192307692307692,5010
1316,209,0,130,0.10048076923076923,5015
1317,212,0,140,0.10192307692307692,5020
1318,213,0,149,0.10240384615384615,5023
1319,213,0,152,0.10240384615384615,5024
1320,209,0,127,0.10048076923076923,5028
1321,209,0,105,0.10048076923076923,5031
1322,211,0,83,0.1014423076923077,5034
1323,214,0,71,0.10288461538461538,5034
1324,215,0,62,0.10336538461538462,5034
1325,218,0,57,0.10480769230769231,5034
1326,222,0,52,0.10673076923076923,5034
1327,224,0,49,0.10769230769230768,5034
1328,213,0,56,0.10240384615384616,5049
1329,207,0,71,0.09951923076923078,5056
1330,202,0,79,0.09711538461538462,5064
1331,199,0,88,0.09567307692307692,5069
1332,194,0,92,0.09326923076923077,5076
1333,196,1,95,0.09375,5081
1334,199,0,100,0.09567307692307693,5083
1335,201,0,102,0.09663461538461539,5084
1336,200,0,107,0.09615384615384616,5087
1337,201,0,112,0.0966346153846154,5090
1338,204,0,118,0.09807692307692309,5093
1339,202,0,122,0.09711538461538462,5097
1340,203,0,123,0.09759615384615385,5099
1341,205,1,129,0.09807692307692308,5101
1342,206,0,131,0.09903846153846155,5104
1343,211,0,133,0.10144230769230769,5104
1344,209,0,132,0.10048076923076923,5111
1345,208,0,131,0.1,5114
1346,209,0,129,0.10048076923076923,5116
1347,210,0,121,0.10096153846153846,5118
1348,212,0,116,0.10192307692307692,5120
1349,213,0,109,0.10240384615384616,5125
1350,216,0,108,0.10384615384615384,5128
1351,218,0,104,0.10480769230769231,5130
1352,221,0,93,0.10625,5131
1353,222,0,85,0.10673076923076925,5132
1354,222,1,76,0.10625,5137
1355,223,0,65,0.10721153846153846,5140
1356,225,0,59,0.10817307692307694,5142
1357,220,0,54,0.1057692307692308,5149
1358,221,0,59,0.10625,5151
1359,223,1,63,0.10673076923076925,5155
1360,214,0,66,0.10288461538461538,5167
1361,215,0,69,0.10336538461538462,5172
1362,209,0,74,0.10048076923076923,5181
1363,204,1,82,0.09759615384615386,5192
1364,202,0,89,0.09711538461538463,5200
1365,198,0,93,0.09519230769230769,5209
1366,194,0,94,0.09326923076923077,5214
1367,195,0,100,0.09375,5217
1368,199,0,106,0.09567307692307694,5218
1369,201,0,115,0.09663461538461539,5220
1370,197,0,118,0.09471153846153846,5227
1371,196,0,125,0.09423076923076923,5231
1372,200,0,131,0.09615384615384615,5233
1373,206,0,135,0.09903846153846153,5234
1374,209,0,137,0.10048076923076923,5237
1375,211,0,139,0.10144230769230769,5238
1376,211,0,145,0.10144230769230769,5241
1377,211,0,152,0.1014423076923077,5243
1378,215,0,158,0.10336538461538462,5244
1379,219,0,163,0.10528846153846154,5245
1380,218,0,134,0.10480769230769231,5249
1381,218,0,106,0.1048076923076923,5252
1382,219,0,88,0.10528846153846154,5253
1383,218,0,73,0.10480769230769231,5255
1384,224,0,67,0.10769230769230771,5256
1385,229,0,59,0.11009615384615386,5256
1386,233,0,51,0.11201923076923077,5256
1387,241,1,49,0.11538461538461539,5256
1388,235,1,55,0.1125,5269
1389,228,0,66,0.10961538461538463,5278
1390,219,0,69,0.10528846153846154,5289
1391,217,0,72,0.10432692307692308,5294
1392,215,0,73,0.10336538461538462,5299
1393,218,1,76,0.10432692307692308,5304
1394,216,0,77,0.10384615384615385,5310
1395,221,0,85,0.10625,5311
1396,217,0,96,0.10432692307692308,5317
1397,215,0,103,0.10336538461538462,5322
1398,216,1,108,0.10336538461538462,5324
1399,218,1,111,0.10432692307692308,5328
1400,218,0,114,0.1048076923076923,5331
1401,218,0,118,0.1048076923076923,5335
1402,219,0,126,0.10528846153846154,5338
1403,222,0,130,0.10673076923076923,5340
1404,220,0,129,0.1057692307692308,5346
1405,221,0,129,0.10625,5350
1406,220,0,126,0.10576923076923077,5356
1407,220,0,124,0.1057692307692308,5361
1408,220,0,121,0.10576923076923077,5365
1409,225,1,120,0.10769230769230771,5367
1410,225,0,115,0.10817307692307691,5371
1411,232,1,112,0.11105769230769232,5374
1412,232,0,111,0.11153846153846154,5375
1413,230,0,98,0.11057692307692309,5378
1414,232,0,92,0.11153846153846154,5379
1415,233,0,87,0.11201923076923077,5385
1416,232,0,83,0.11153846153846154,5389
1417,232,0,78,0.11153846153846154,5393
1418,231,0,75,0.11105769230769229,5398
1419,232,0,73,0.11153846153846154,5403
1420,234,0,71,0.1125,5408
1421,232,1,72,0.11105769230769232,5415
1422,230,0,73,0.11057692307692309,5421
1423,229,0,85,0.11009615384615383,5424
1424,229,0,88,0.11009615384615383,5430
1425,229,0,93,0.11009615384615386,5436
1426,229,0,98,0.11009615384615386,5442
1427,226,0,105,0.10865384615384617,5448
1428,222,0,111,0.10673076923076923,5454
1429,216,0,117,0.10384615384615385,5463
1430,214,0,122,0.1028846153846154,5469
1431,212,0,126,0.10192307692307694,5473
1432,210,0,131,0.10096153846153846,5478
1433,206,0,136,0.09903846153846155,5482
1434,205,0,140,0.0985576923076923,5485
1435,207,0,147,0.09951923076923078,5488
1436,208,0,149,0.1,5492
1437,209,0,156,0.10048076923076925,5494
1438,210,0,164,0.10096153846153846,5497
1439,210,0,167,0.10096153846153846,5498
1440,211,0,136,0.1014423076923077,5499
1441,213,0,106,0.10240384615384616,5501
1442,213,0,81,0.10240384615384616,5504
1443,217,0,62,0.10432692307692308,5505
1444,219,0,52,0.10528846153846154,5506
1445,223,0,43,0.10721153846153846,5506
1446,225,0,38,0.10817307692307694,5506
1447,229,0,32,0.11009615384615386,5506
1448,218,0,46,0.1048076923076923,5519
1449,208,0,62,0.1,5532
1450,204,0,71,0.09807692307692309,5539
1451,197,0,78,0.09471153846153846,5548
1452,193,0,80,0.09278846153846154,5554
1453,191,0,86,0.09182692307692307,5557
1454,194,0,89,0.09326923076923077,5558
1455,199,0,93,0.09567307692307693,5560
1456,197,0,96,0.09471153846153847,5566
1457,195,0,102,0.09375,5570
1458,196,0,109,0.09423076923076923,5573
1459,197,1,116,0.09423076923076923,5577
1460,196,0,120,0.09423076923076923,5582
1461,200,0,122,0.09615384615384615,5584
1462,202,1,128,0.09663461538461537,5585
1463,203,0,130,0.09759615384615386,5588
1464,204,0,135,0.09807692307692308,5591
1465,208,0,132,0.1,5592
1466,205,0,133,0.09855769230769232,5597
1467,207,0,132,0.09951923076923078,5598
1468,205,0,125,0.09855769230769232,5601
1469,209,0,121,0.10048076923076923,5602
1470,212,1,115,0.10144230769230769,5605
1471,215,0,113,0.10336538461538461,5607
1472,217,1,106,0.10384615384615385,5610
1473,218,0,101,0.10480769230769231,5612
1474,219,0,92,0.10528846153846154,5612
1475,224,1,83,0.10721153846153846,5615
1476,224,1,68,0.10721153846153846,5619
1477,221,0,60,0.10625,5625
1478,227,0,54,0.10913461538461537,5628
1479,229,0,53,0.11009615384615383,5631
1480,233,0,59,0.11201923076923077,5633
1481,232,0,62,0.11153846153846154,5638
1482,235,0,68,0.11298076923076923,5642
1483,232,0,78,0.11153846153846154,5647
1484,225,0,90,0.10817307692307694,5656
1485,223,1,98,0.10673076923076923,5663
1486,219,0,108,0.10528846153846154,5671
1487,220,0,115,0.10576923076923077,5677
1488,221,0,118,0.10625,5680
1489,223,1,122,0.10673076923076923,5685
1490,222,0,127,0.10673076923076923,5690
1491,217,0,132,0.10432692307692308,5695
1492,220,0,137,0.10576923076923077,5698
1493,222,1,139,0.10625,5703
1494,224,0,143,0.10769230769230771,5705
1495,226,0,150,0.10865384615384617,5708
1496,225,0,154,0.10817307692307691,5710
1497,225,1,162,0.10769230769230768,5713
1498,228,0,170,0.10961538461538463,5715
1499,231,0,171,0.11105769230769232,5716
1500,233,0,141,0.11201923076923077,5717
1501,234,1,116,0.11201923076923079,5721
1502,234,0,97,0.1125,5725
1503,236,0,84,0.11346153846153846,5727
1504,233,0,69,0.11201923076923077,5730
1505,234,0,61,0.1125,5730
1506,236,0,57,0.11346153846153846,5730
1507,240,0,51,0.11538461538461538,5730
1508,233,0,61,0.11201923076923079,5738
1509,231,0,69,0.11105769230769232,5747
1510,230,0,80,0.11057692307692309,5752
1511,230,0,89,0.11057692307692309,5756
1512,228,0,92,0.10961538461538463,5760
1513,230,0,94,0.11057692307692309,5763
1514,231,0,99,0.11105769230769233,5764
1515,237,0,105,0.1139423076923077,5765
1516,231,0,109,0.11105769230769233,5773
1517,228,0,118,0.10961538461538463,5781
1518,223,0,123,0.10721153846153846,5788
1519,224,1,128,0.10721153846153846,5793
1520,224,0,131,0.10769230769230771,5798
1521,227,0,137,0.10913461538461537,5801
1522,229,0,137,0.11009615384615386,5803
1523,232,0,139,0.11153846153846154,5805
1524,232,0,144,0.11153846153846154,5808
1525,232,0,145,0.11153846153846154,5811
1526,232,0,145,0.11153846153846154,5814
1527,234,0,139,0.1125,5816
1528,236,0,136,0.11346153846153846,5820
1529,241,0,132,0.11586538461538462,5820
1530,242,0,132,0.11634615384615385,5821
1531,243,0,132,0.11682692307692308,5824
1532,250,0,126,0.12019230769230771,5825
1533,253,1,117,0.12115384615384614,5828
1534,255,1,103,0.1221153846153846,5831
1535,251,0,98,0.12067307692307691,5837
1536,249,0,91,0.11971153846153845,5840
1537,248,0,80,0.11923076923076925,5844
1538,248,0,76,0.11923076923076922,5846
1539,248,0,71,0.11923076923076922,5850
1540,244,0,75,0.11730769230769231,5855
1541,243,0,79,0.11682692307692308,5863
1542,241,0,82,0.11586538461538462,5870
1543,238,0,85,0.11442307692307692,5876
1544,229,0,89,0.11009615384615386,5885
1545,227,0,98,0.1091346153846154,5892
1546,228,0,100,0.10961538461538463,5895
1547,227,0,105,0.1091346153846154,5899
1548,225,0,108,0.10817307692307691,5905
1549,224,0,113,0.10769230769230771,5910
1550,220,0,121,0.1057692307692308,5917
1551,213,0,125,0.10240384615384616,5925
1552,214,0,125,0.10288461538461538,5928
1553,213,0,130,0.10240384615384616,5933
1554,213,0,136,0.10240384615384615,5937
1555,208,0,138,0.10000000000000002,5943
1556,206,0,139,0.09903846153846155,5946
1557,205,0,148,0.09855769230769232,5951
1558,209,0,156,0.10048076923076925,5952
1559,211,0,159,0.1014423076923077,5953
1560,208,0,126,0.1,5958
1561,213,1,103,0.10192307692307692,5959
1562,213,0,83,0.10240384615384616,5960
1563,221,2,66,0.10528846153846154,5963
1564,222,1,53,0.10625,5964
1565,226,0,47,0.10865384615384617,5964
1566,234,0,42,0.1125,5964
1567,241,2,38,0.11490384615384616,5964
1568,236,1,49,0.11298076923076923,5975
1569,229,0,60,0.11009615384615387,5985
1570,221,0,66,0.10625,5996
1571,216,0,77,0.10384615384615385,6006
1572,214,0,83,0.10288461538461538,6011
1573,217,0,89,0.10432692307692308,6012
1574,214,0,97,0.10288461538461538,6015
1575,217,1,100,0.10384615384615384,6017
1576,214,1,105,0.10240384615384616,6023
1577,210,0,108,0.10096153846153846,6030
1578,212,1,112,0.10144230769230769,6035
1579,216,0,119,0.10384615384615384,6037
1580,214,0,122,0.10288461538461538,6042
1581,214,0,123,0.10288461538461538,6047
1582,212,0,123,0.10192307692307692,6050
1583,214,0,127,0.10288461538461538,6052
1584,208,0,128,0.1,6060
1585,211,0,130,0.10144230769230769,6062
1586,209,0,128,0.10048076923076923,6066
1587,215,0,127,0.10336538461538462,6067
1588,216,0,125,0.10384615384615384,6068
1589,217,0,122,0.10432692307692308,6070
1590,220,0,115,0.1057692307692308,6072
1591,224,0,110,0.10769230769230771,6072
1592,229,0,101,0.11009615384615383,6074
1593,228,0,90,0.10961538461538463,6079
1594,229,0,78,0.11009615384615383,6081
1595,226,0,70,0.10865384615384614,6088
1596,227,0,62,0.1091346153846154,6091
1597,230,0,57,0.11057692307692309,6095
1598,233,2,53,0.11105769230769232,6099
1599,232,1,52,0.11105769230769229,6104
1600,230,0,55,0.11057692307692309,6110
1601,225,0,60,0.10817307692307691,6116
1602,222,0,67,0.10673076923076923,6124
1603,216,0,70,0.10384615384615385,6133
1604,213,0,75,0.10240384615384616,6138
1605,209,2,83,0.09951923076923076,6146
1606,208,0,93,0.1,6151
1607,209,2,99,0.09951923076923078,6158
1608,211,1,106,0.10096153846153846,6164
1609,209,0,110,0.10048076923076923,6169
1610,207,0,118,0.09951923076923078,6173
1611,202,0,122,0.09711538461538463,6181
1612,204,0,127,0.09807692307692309,6185
1613,206,0,131,0.09903846153846155,6187
1614,208,0,137,0.1,6189
1615,208,0,143,0.1,6192
1616,208,0,148,0.1,6193
1617,212,0,155,0.10192307692307692,6196
1618,212,0,157,0.10192307692307692,6199
1619,213,0,162,0.10240384615384616,6201
1620,218,0,129,0.10480769230769231,6202
1621,218,0,101,0.10480769230769231,6203
1622,219,0,77,0.10528846153846154,6205
1623,226,0,61,0.10865384615384617,6205
1624,228,0,50,0.10961538461538463,6207
1625,233,1,42,0.11153846153846154,6207
1626,238,0,34,0.11442307692307692,6207
1627,244,2,32,0.11634615384615384,6207
1628,235,1,50,0.1125,6219
1629,227,0,62,0.10913461538461537,6229
1630,225,0,69,0.10817307692307691,6238
1631,223,0,78,0.10721153846153846,6245
1632,223,0,84,0.10721153846153846,6247
1633,220,0,88,0.10576923076923077,6254
1634,218,0,92,0.10480769230769231,6261
1635,220,0,93,0.10576923076923077,6262
1636,215,0,97,0.10336538461538462,6270
1637,211,0,101,0.1014423076923077,6277
1638,204,0,107,0.09807692307692309,6287
1639,200,0,115,0.09615384615384615,6294
1640,196,0,119,0.09423076923076923,6299
1641,199,0,125,0.09567307692307692,6301
1642,200,0,129,0.09615384615384615,6304
1643,198,0,131,0.09519230769230769,6309
1644,197,0,132,0.09471153846153846,6313
1645,201,0,131,0.09663461538461539,6315
1646,200,0,133,0.09615384615384617,6317
1647,200,0,131,0.09615384615384617,6319
1648,199,0,127,0.09567307692307693,6322
1649,202,0,124,0.09711538461538462,6324
1650,205,1,119,0.09807692307692309,6326
1651,207,0,116,0.09951923076923078,6326
1652,207,0,108,0.09951923076923078,6328
1653,207,0,102,0.09951923076923078,6331
1654,206,0,88,0.09903846153846155,6334
1655,209,1,74,0.1,6336
1656,208,0,69,0.1,6338
1657,210,0,66,0.10096153846153846,6341
1658,212,0,62,0.10192307692307692,6345
1659,210,0,54,0.10096153846153846,6348
1660,211,1,52,0.10096153846153846,6355
1661,211,0,53,0.1014423076923077,6358
1662,207,0,57,0.09951923076923078,6364
1663,200,0,58,0.09615384615384615,6373
1664,200,0,61,0.09615384615384616,6377
1665,199,1,64,0.09519230769230769,6383
1666,199,0,71,0.09567307692307692,6389
1667,196,0,78,0.09423076923076923,6395
1668,194,0,88,0.09326923076923077,6399
1669,194,0,93,0.09326923076923077,6403
1670,193,0,97,0.09278846153846154,6408
1671,189,0,102,0.0908653846153846,6415
1672,191,0,108,0.09182692307692308,6417
1673,192,0,111,0.0923076923076923,6422
1674,191,0,116,0.09182692307692307,6427
1675,194,0,118,0.09326923076923077,6429
1676,199,1,119,0.09519230769230769,6431
1677,198,0,128,0.09519230769230769,6436
1678,199,0,133,0.09567307692307692,6438
1679,198,0,138,0.09519230769230769,6440
1680,197,0,106,0.09471153846153846,6445
1681,200,0,85,0.09615384615384616,6448
1682,200,0,69,0.09615384615384615,6451
1683,199,0,60,0.09567307692307694,6453
1684,206,0,55,0.09903846153846155,6455
1685,209,0,49,0.10048076923076923,6455
1686,213,0,44,0.10240384615384616,6455
1687,221,0,42,0.10625,6455
1688,210,0,56,0.10096153846153846,6469
1689,201,0,67,0.09663461538461537,6483
1690,197,0,76,0.09471153846153846,6489
1691,199,0,84,0.09567307692307692,6491
1692,197,0,87,0.09471153846153847,6497
1693,198,0,94,0.0951923076923077,6500
1694,201,0,99,0.09663461538461539,6503
1695,202,0,106,0.09711538461538462,6504
1696,208,1,112,0.09951923076923078,6506
1697,203,0,119,0.09759615384615386,6514
1698,203,0,121,0.09759615384615386,6519
1699,203,0,127,0.09759615384615386,6521
1700,203,0,133,0.09759615384615385,6524
1701,205,0,136,0.09855769230769232,6526
1702,208,0,137,0.1,6527
1703,211,0,138,0.1014423076923077,6528
1704,207,2,141,0.09855769230769232,6536
1705,211,0,143,0.10144230769230769,6537
1706,210,0,139,0.10096153846153846,6540
1707,213,0,134,0.10240384615384615,6542
1708,213,0,132,0.10240384615384616,6545
1709,219,0,128,0.10528846153846154,6546
1710,219,0,129,0.10528846153846154,6547
1711,224,0,125,0.10769230769230771,6547
1712,238,1,113,0.1139423076923077,6549
1713,244,0,107,0.11730769230769231,6549
1714,242,0,99,0.11634615384615385,6552
1715,243,1,91,0.11634615384615385,6556
1716,246,0,87,0.11826923076923077,6558
1717,244,0,86,0.1173076923076923,6561
1718,244,0,77,0.11730769230769231,6563
1719,246,0,72,0.1182692307692308,6567
1720,242,0,80,0.11634615384615384,6573
1721,240,0,79,0.11538461538461538,6579
1722,240,0,83,0.11538461538461538,6584
1723,232,0,84,0.11153846153846154,6594
1724,228,0,88,0.10961538461538463,6601
1725,227,0,94,0.1091346153846154,6606
1726,222,0,101,0.10673076923076923,6614
1727,220,0,109,0.10576923076923077,6622
1728,218,0,113,0.10480769230769231,6626
1729,216,0,122,0.10384615384615384,6630
1730,218,0,130,0.10480769230769231,6631
1731,215,0,131,0.10336538461538462,6636
1732,216,0,136,0.10384615384615385,6638
1733,217,0,141,0.10432692307692308,6640
1734,216,0,142,0.10384615384615384,6644
1735,218,1,147,0.10432692307692308,6648
1736,218,0,152,0.10480769230769231,6652
1737,219,0,158,0.10528846153846154,6657
1738,214,0,162,0.10288461538461538,6662
1739,215,0,167,0.10336538461538462,6665
1740,218,0,138,0.1048076923076923,6667
1741,220,0,113,0.10576923076923077,6668
1742,223,0,92,0.10721153846153846,6668
1743,227,0,78,0.10913461538461537,6668
1744,229,0,62,0.11009615384615386,6670
1745,232,0,49,0.11153846153846154,6670
1746,232,0,36,0.11153846153846154,6670
1747,234,0,32,0.1125,6670
1748,222,0,44,0.10673076923076923,6684
1749,219,0,52,0.10528846153846154,6694
1750,209,0,57,0.10048076923076923,6707
1751,208,0,68,0.1,6712
1752,205,0,74,0.09855769230769232,6718
1753,205,0,84,0.09855769230769232,6721
1754,200,0,86,0.09615384615384617,6729
1755,204,0,90,0.09807692307692309,6732
1756,204,0,95,0.09807692307692309,6738
1757,202,0,105,0.09711538461538463,6746
1758,197,0,110,0.09471153846153846,6751
1759,192,0,112,0.0923076923076923,6759
1760,195,0,120,0.09375,6764
1761,196,0,125,0.09423076923076923,6768
1762,200,0,127,0.09615384615384615,6770
1763,203,0,128,0.09759615384615385,6772
1764,203,0,131,0.09759615384615386,6773
1765,207,1,130,0.09903846153846155,6774
1766,207,0,125,0.09951923076923078,6776
1767,209,1,118,0.1,6779
1768,210,0,121,0.10096153846153846,6780
1769,216,0,119,0.10384615384615384,6780
1770,221,0,115,0.10625,6781
1771,221,0,115,0.10625,6784
1772,220,0,105,0.10576923076923077,6787
1773,220,0,97,0.10576923076923077,6790
1774,222,0,88,0.10673076923076923,6791
1775,219,0,80,0.10528846153846154,6797
1776,222,0,75,0.10673076923076923,6798
1777,226,0,74,0.10865384615384617,6801
1778,232,0,73,0.11153846153846154,6801
1779,230,0,74,0.11057692307692309,6805
1780,225,0,77,0.10817307692307691,6811
1781,222,0,86,0.10673076923076925,6818
1782,220,0,91,0.10576923076923075,6825
1783,218,0,98,0.1048076923076923,6831
1784,214,0,103,0.1028846153846154,6837
1785,212,0,110,0.10192307692307692,6842
1786,209,1,115,0.1,6848
1787,209,0,116,0.10048076923076923,6850
1788,211,1,118,0.10096153846153846,6853
1789,209,0,120,0.10048076923076923,6856
1790,215,1,129,0.1028846153846154,6857
1791,218,0,132,0.10480769230769231,6860
1792,219,0,136,0.10528846153846154,6864
1793,217,0,139,0.10432692307692308,6868
1794,215,0,143,0.10336538461538462,6874
1795,216,0,146,0.10384615384615385,6876
1796,218,1,149,0.10432692307692308,6879
1797,220,0,154,0.10576923076923077,6880
1798,219,0,161,0.10528846153846154,6884
1799,221,0,170,0.10625,6888
