minute,delay
0,4.508771929824562
1,20.492537313432837
2,26.408510638297873
3,25.06392694063927
4,29.800829875518673
5,27.256302521008404
6,28.285087719298247
7,26.799163179916317
8,30.74380165289256
9,29.6875
10,26.315555555555555
11,28.58139534883721
12,28.063348416289593
13,28.449579831932773
14,27.953667953667953
15,28.85589519650655
16,26.955357142857142
17,27.955357142857142
18,30.142857142857142
19,31.0042194092827
20,27.116935483870968
21,28.204651162790697
22,27.918454935622318
23,29.857758620689655
24,25.849206349206348
25,26.728
26,27.470833333333335
27,25.64516129032258
28,26.523206751054854
29,30.56048387096774
